sample	group	seqs_pct	seqs	bases_pct	bases
rounda/full/neb/1	unclassified	87.27	1697326	80.99	809916841
rounda/full/neb/1	AdV-3	2.42	47117	3.57	35717778
rounda/full/neb/1	HPIV-2	1.60	31145	2.96	29598550
rounda/full/neb/1	Flu-B	1.51	29416	1.17	11672208
rounda/full/neb/1	AdV-1	1.37	26705	1.74	17436699
rounda/full/neb/1	HPIV-3	0.93	18116	1.86	18643111
rounda/full/neb/1	Flu-A-H1N1-NC	0.89	17401	1.11	11066980
rounda/full/neb/1	HPIV-1	0.59	11491	1.32	13181236
rounda/full/neb/1	ambiguous	0.54	10568	1.06	10631591
rounda/full/neb/1	RSV-A	0.49	9491	0.73	7310265
rounda/full/neb/1	HPIV-4	0.47	9171	0.83	8342550
rounda/full/neb/1	Flu-A-H3N2	0.46	9017	0.69	6872569
rounda/full/neb/1	Flu-A-H1N1-NY	0.46	8870	0.62	6218755
rounda/full/neb/1	AdV-31	0.45	8802	0.53	5260613
rounda/full/neb/1	HRV-1A	0.24	4582	0.38	3848355
rounda/full/neb/1	HMPV	0.18	3551	0.31	3061745
rounda/full/neb/1	HCoV-229E	0.08	1561	0.10	952293
rounda/full/neb/1	SARS-CoV-2	0.03	546	0.03	298193
rounda/full/neb/2	unclassified	86.18	1556939	79.93	799369806
rounda/full/neb/2	AdV-3	2.78	50309	3.69	36888019
rounda/full/neb/2	AdV-1	1.96	35397	2.24	22390664
rounda/full/neb/2	HPIV-2	1.77	32001	3.09	30864155
rounda/full/neb/2	HPIV-3	1.18	21291	2.22	22202041
rounda/full/neb/2	Flu-B	1.16	21030	1.03	10250890
rounda/full/neb/2	Flu-A-H1N1-NC	0.76	13665	1.05	10485128
rounda/full/neb/2	HPIV-1	0.62	11211	1.21	12051354
rounda/full/neb/2	RSV-A	0.60	10804	0.83	8332809
rounda/full/neb/2	Flu-A-H1N1-NY	0.56	10066	0.90	8995411
rounda/full/neb/2	Flu-A-H3N2	0.52	9384	0.76	7620190
rounda/full/neb/2	ambiguous	0.47	8402	0.84	8447067
rounda/full/neb/2	AdV-31	0.38	6876	0.42	4185945
rounda/full/neb/2	HPIV-4	0.37	6732	0.61	6138126
rounda/full/neb/2	HMPV	0.34	6089	0.65	6540711
rounda/full/neb/2	HRV-1A	0.30	5433	0.46	4618662
rounda/full/neb/2	SARS-CoV-2	0.03	552	0.03	327139
rounda/full/neb/2	HCoV-229E	0.03	452	0.03	327951
rounda/full/neb/neg	unclassified	98.39	367	95.93	194964
rounda/full/neb/neg	HPIV-2	0.54	2	0.63	1286
rounda/full/neb/neg	AdV-3	0.27	1	0.28	559
rounda/full/neb/neg	HPIV-3	0.27	1	2.33	4741
rounda/full/neb/neg	RSV-A	0.27	1	0.35	707
rounda/full/neb/neg	ambiguous	0.27	1	0.48	974
rounda/full/neb/neg	AdV-1	0.00	0	0.00	0
rounda/full/neb/neg	AdV-31	0.00	0	0.00	0
rounda/full/neb/neg	Flu-A-H1N1-NC	0.00	0	0.00	0
rounda/full/neb/neg	Flu-A-H1N1-NY	0.00	0	0.00	0
rounda/full/neb/neg	Flu-A-H3N2	0.00	0	0.00	0
rounda/full/neb/neg	Flu-B	0.00	0	0.00	0
rounda/full/neb/neg	HCoV-229E	0.00	0	0.00	0
rounda/full/neb/neg	HMPV	0.00	0	0.00	0
rounda/full/neb/neg	HPIV-1	0.00	0	0.00	0
rounda/full/neb/neg	HPIV-4	0.00	0	0.00	0
rounda/full/neb/neg	HRV-1A	0.00	0	0.00	0
rounda/full/neb/neg	SARS-CoV-2	0.00	0	0.00	0
rounda/tag/neb/1	unclassified	89.61	1921131	84.09	841155485
rounda/tag/neb/1	AdV-3	1.95	41832	2.50	25056428
rounda/tag/neb/1	AdV-1	1.52	32589	1.76	17591114
rounda/tag/neb/1	HPIV-2	1.36	29063	2.63	26346672
rounda/tag/neb/1	Flu-B	1.07	23037	0.86	8572357
rounda/tag/neb/1	HPIV-3	0.99	21289	2.04	20453277
rounda/tag/neb/1	Flu-A-H1N1-NC	0.68	14565	0.98	9756924
rounda/tag/neb/1	RSV-A	0.55	11727	0.88	8848881
rounda/tag/neb/1	ambiguous	0.38	8145	0.85	8502635
rounda/tag/neb/1	AdV-31	0.37	7836	0.41	4090924
rounda/tag/neb/1	Flu-A-H3N2	0.27	5803	0.52	5226024
rounda/tag/neb/1	HPIV-4	0.25	5334	0.46	4570348
rounda/tag/neb/1	HPIV-1	0.25	5311	0.61	6099562
rounda/tag/neb/1	HRV-1A	0.25	5266	0.38	3766170
rounda/tag/neb/1	HMPV	0.24	5093	0.46	4625255
rounda/tag/neb/1	Flu-A-H1N1-NY	0.22	4806	0.44	4415073
rounda/tag/neb/1	HCoV-229E	0.03	656	0.07	678428
rounda/tag/neb/1	SARS-CoV-2	0.02	497	0.05	515917
rounda/tag/neb/neg	unclassified	97.04	525	93.27	231209
rounda/tag/neb/neg	AdV-3	1.11	6	2.19	5439
rounda/tag/neb/neg	Flu-B	0.37	2	0.40	998
rounda/tag/neb/neg	HPIV-1	0.37	2	0.95	2356
rounda/tag/neb/neg	HPIV-3	0.37	2	0.52	1285
rounda/tag/neb/neg	HPIV-4	0.37	2	1.66	4123
rounda/tag/neb/neg	AdV-1	0.18	1	0.65	1618
rounda/tag/neb/neg	HPIV-2	0.18	1	0.34	854
rounda/tag/neb/neg	AdV-31	0.00	0	0.00	0
rounda/tag/neb/neg	Flu-A-H1N1-NC	0.00	0	0.00	0
rounda/tag/neb/neg	Flu-A-H1N1-NY	0.00	0	0.00	0
rounda/tag/neb/neg	Flu-A-H3N2	0.00	0	0.00	0
rounda/tag/neb/neg	HCoV-229E	0.00	0	0.00	0
rounda/tag/neb/neg	HMPV	0.00	0	0.00	0
rounda/tag/neb/neg	HRV-1A	0.00	0	0.00	0
rounda/tag/neb/neg	RSV-A	0.00	0	0.00	0
rounda/tag/neb/neg	SARS-CoV-2	0.00	0	0.00	0
rounda/tag/neb/neg	ambiguous	0.00	0	0.00	0
rounda/tag/rlb/1	unclassified	99.95	161162	99.81	35565550
rounda/tag/rlb/1	Flu-A-H3N2	0.02	29	0.02	8491
rounda/tag/rlb/1	AdV-1	0.01	15	0.04	12622
rounda/tag/rlb/1	AdV-3	0.01	14	0.06	20441
rounda/tag/rlb/1	HPIV-2	0.00	4	0.02	6752
rounda/tag/rlb/1	HPIV-3	0.00	4	0.01	2915
rounda/tag/rlb/1	AdV-31	0.00	2	0.00	1756
rounda/tag/rlb/1	ambiguous	0.00	2	0.01	5143
rounda/tag/rlb/1	Flu-A-H1N1-NC	0.00	1	0.00	1135
rounda/tag/rlb/1	Flu-A-H1N1-NY	0.00	1	0.00	843
rounda/tag/rlb/1	Flu-B	0.00	1	0.00	838
rounda/tag/rlb/1	HCoV-229E	0.00	1	0.00	652
rounda/tag/rlb/1	HMPV	0.00	1	0.00	757
rounda/tag/rlb/1	HPIV-1	0.00	1	0.00	837
rounda/tag/rlb/1	HPIV-4	0.00	1	0.00	569
rounda/tag/rlb/1	HRV-1A	0.00	1	0.00	342
rounda/tag/rlb/1	RSV-A	0.00	1	0.01	2318
rounda/tag/rlb/1	SARS-CoV-2	0.00	1	0.00	321
rounda/tag/rlb/2	unclassified	99.91	69675	99.52	15021853
rounda/tag/rlb/2	AdV-1	0.03	19	0.19	28127
rounda/tag/rlb/2	Flu-A-H3N2	0.02	14	0.04	5665
rounda/tag/rlb/2	AdV-3	0.02	12	0.07	10922
rounda/tag/rlb/2	HPIV-2	0.01	4	0.03	4229
rounda/tag/rlb/2	ambiguous	0.01	4	0.08	11510
rounda/tag/rlb/2	AdV-31	0.00	2	0.01	1407
rounda/tag/rlb/2	HPIV-1	0.00	2	0.03	4917
rounda/tag/rlb/2	HPIV-3	0.00	2	0.02	2838
rounda/tag/rlb/2	RSV-A	0.00	2	0.01	1729
rounda/tag/rlb/2	Flu-A-H1N1-NC	0.00	1	0.01	812
rounda/tag/rlb/2	Flu-B	0.00	1	0.00	347
rounda/tag/rlb/2	SARS-CoV-2	0.00	1	0.00	223
rounda/tag/rlb/2	Flu-A-H1N1-NY	0.00	0	0.00	0
rounda/tag/rlb/2	HCoV-229E	0.00	0	0.00	0
rounda/tag/rlb/2	HMPV	0.00	0	0.00	0
rounda/tag/rlb/2	HPIV-4	0.00	0	0.00	0
rounda/tag/rlb/2	HRV-1A	0.00	0	0.00	0
rounda/tag/rlb/neg	unclassified	99.98	95508	99.96	75590852
rounda/tag/rlb/neg	Flu-A-H1N1-NC	0.00	3	0.01	6010
rounda/tag/rlb/neg	AdV-3	0.00	2	0.00	3672
rounda/tag/rlb/neg	Flu-A-H3N2	0.00	2	0.00	1437
rounda/tag/rlb/neg	HPIV-1	0.00	2	0.01	4286
rounda/tag/rlb/neg	HPIV-2	0.00	2	0.01	4006
rounda/tag/rlb/neg	HRV-1A	0.00	2	0.00	2119
rounda/tag/rlb/neg	RSV-A	0.00	2	0.00	2428
rounda/tag/rlb/neg	Flu-A-H1N1-NY	0.00	1	0.00	1786
rounda/tag/rlb/neg	HCoV-229E	0.00	1	0.00	625
rounda/tag/rlb/neg	HPIV-3	0.00	1	0.00	3128
rounda/tag/rlb/neg	HPIV-4	0.00	1	0.00	577
rounda/tag/rlb/neg	ambiguous	0.00	1	0.00	2975
rounda/tag/rlb/neg	AdV-1	0.00	0	0.00	0
rounda/tag/rlb/neg	AdV-31	0.00	0	0.00	0
rounda/tag/rlb/neg	Flu-B	0.00	0	0.00	0
rounda/tag/rlb/neg	HMPV	0.00	0	0.00	0
rounda/tag/rlb/neg	SARS-CoV-2	0.00	0	0.00	0
rounda/tag/neb+rlb/1	unclassified	99.79	91606	99.57	18196968
rounda/tag/neb+rlb/1	Flu-A-H3N2	0.16	146	0.20	37239
rounda/tag/neb+rlb/1	AdV-1	0.01	10	0.04	7108
rounda/tag/neb+rlb/1	HPIV-3	0.01	9	0.05	9258
rounda/tag/neb+rlb/1	Flu-B	0.01	7	0.02	3257
rounda/tag/neb+rlb/1	AdV-3	0.01	5	0.01	2567
rounda/tag/neb+rlb/1	HPIV-2	0.01	5	0.04	7026
rounda/tag/neb+rlb/1	HMPV	0.00	3	0.02	3524
rounda/tag/neb+rlb/1	HPIV-1	0.00	3	0.02	4034
rounda/tag/neb+rlb/1	RSV-A	0.00	2	0.00	848
rounda/tag/neb+rlb/1	Flu-A-H1N1-NC	0.00	1	0.00	779
rounda/tag/neb+rlb/1	Flu-A-H1N1-NY	0.00	1	0.01	1172
rounda/tag/neb+rlb/1	HCoV-229E	0.00	1	0.00	494
rounda/tag/neb+rlb/1	HPIV-4	0.00	1	0.00	554
rounda/tag/neb+rlb/1	ambiguous	0.00	1	0.01	1203
rounda/tag/neb+rlb/1	AdV-31	0.00	0	0.00	0
rounda/tag/neb+rlb/1	HRV-1A	0.00	0	0.00	0
rounda/tag/neb+rlb/1	SARS-CoV-2	0.00	0	0.00	0
rounda/tag/neb+rlb/2	unclassified	99.84	100549	99.67	19861627
rounda/tag/neb+rlb/2	Flu-A-H3N2	0.11	115	0.15	29034
rounda/tag/neb+rlb/2	AdV-3	0.01	12	0.04	7640
rounda/tag/neb+rlb/2	HPIV-2	0.01	12	0.03	6718
rounda/tag/neb+rlb/2	AdV-1	0.01	9	0.04	8500
rounda/tag/neb+rlb/2	HPIV-3	0.00	5	0.04	7535
rounda/tag/neb+rlb/2	AdV-31	0.00	1	0.00	481
rounda/tag/neb+rlb/2	Flu-A-H1N1-NC	0.00	1	0.00	554
rounda/tag/neb+rlb/2	Flu-A-H1N1-NY	0.00	1	0.00	317
rounda/tag/neb+rlb/2	Flu-B	0.00	1	0.00	557
rounda/tag/neb+rlb/2	HMPV	0.00	1	0.00	337
rounda/tag/neb+rlb/2	HPIV-4	0.00	1	0.00	563
rounda/tag/neb+rlb/2	HRV-1A	0.00	1	0.01	2342
rounda/tag/neb+rlb/2	RSV-A	0.00	1	0.00	453
rounda/tag/neb+rlb/2	HCoV-229E	0.00	0	0.00	0
rounda/tag/neb+rlb/2	HPIV-1	0.00	0	0.00	0
rounda/tag/neb+rlb/2	SARS-CoV-2	0.00	0	0.00	0
rounda/tag/neb+rlb/2	ambiguous	0.00	0	0.00	0
rounda/tag/neb+rlb/neg	unclassified	99.23	1285	98.47	846600
rounda/tag/neb+rlb/neg	Flu-A-H3N2	0.15	2	0.29	2533
rounda/tag/neb+rlb/neg	HPIV-3	0.15	2	0.32	2786
rounda/tag/neb+rlb/neg	AdV-3	0.08	1	0.16	1362
rounda/tag/neb+rlb/neg	AdV-31	0.08	1	0.08	669
rounda/tag/neb+rlb/neg	HPIV-1	0.08	1	0.10	854
rounda/tag/neb+rlb/neg	HPIV-2	0.08	1	0.28	2371
rounda/tag/neb+rlb/neg	HPIV-4	0.08	1	0.08	707
rounda/tag/neb+rlb/neg	RSV-A	0.08	1	0.21	1844
rounda/tag/neb+rlb/neg	AdV-1	0.00	0	0.00	0
rounda/tag/neb+rlb/neg	Flu-A-H1N1-NC	0.00	0	0.00	0
rounda/tag/neb+rlb/neg	Flu-A-H1N1-NY	0.00	0	0.00	0
rounda/tag/neb+rlb/neg	Flu-B	0.00	0	0.00	0
rounda/tag/neb+rlb/neg	HCoV-229E	0.00	0	0.00	0
rounda/tag/neb+rlb/neg	HMPV	0.00	0	0.00	0
rounda/tag/neb+rlb/neg	HRV-1A	0.00	0	0.00	0
rounda/tag/neb+rlb/neg	SARS-CoV-2	0.00	0	0.00	0
rounda/tag/neb+rlb/neg	ambiguous	0.00	0	0.00	0
smart9n/full/neb/1	unclassified	80.92	512465	78.41	474352194
smart9n/full/neb/1	AdV-3	6.21	39355	6.80	41166666
smart9n/full/neb/1	AdV-1	2.54	16116	2.57	15553302
smart9n/full/neb/1	HPIV-2	1.65	10474	1.91	11578890
smart9n/full/neb/1	ambiguous	1.29	8183	1.82	11016640
smart9n/full/neb/1	Flu-A-H1N1-NC	1.04	6594	1.13	6816442
smart9n/full/neb/1	HPIV-3	0.97	6115	1.37	8301899
smart9n/full/neb/1	AdV-31	0.83	5249	0.73	4410863
smart9n/full/neb/1	Flu-B	0.70	4456	0.68	4095255
smart9n/full/neb/1	HMPV	0.52	3324	0.62	3720700
smart9n/full/neb/1	HRV-1A	0.52	3288	0.57	3464133
smart9n/full/neb/1	HPIV-1	0.51	3240	0.75	4522634
smart9n/full/neb/1	HCoV-229E	0.47	2979	0.56	3388194
smart9n/full/neb/1	Flu-A-H3N2	0.47	2953	0.58	3504104
smart9n/full/neb/1	Flu-A-H1N1-NY	0.44	2769	0.46	2809057
smart9n/full/neb/1	SARS-CoV-2	0.42	2660	0.53	3222960
smart9n/full/neb/1	RSV-A	0.41	2615	0.42	2542236
smart9n/full/neb/1	HPIV-4	0.07	451	0.08	496862
smart9n/full/neb/2	unclassified	81.85	325753	79.17	286509940
smart9n/full/neb/2	AdV-3	6.18	24614	6.86	24834652
smart9n/full/neb/2	AdV-1	2.44	9708	2.53	9161565
smart9n/full/neb/2	HPIV-2	1.44	5714	1.76	6366983
smart9n/full/neb/2	ambiguous	1.30	5186	1.78	6449068
smart9n/full/neb/2	Flu-A-H1N1-NC	0.90	3586	0.99	3582571
smart9n/full/neb/2	AdV-31	0.87	3456	0.82	2951457
smart9n/full/neb/2	HPIV-3	0.82	3268	1.17	4218886
smart9n/full/neb/2	Flu-B	0.58	2319	0.56	2014023
smart9n/full/neb/2	HCoV-229E	0.53	2116	0.65	2335216
smart9n/full/neb/2	HRV-1A	0.51	2035	0.56	2017352
smart9n/full/neb/2	HMPV	0.47	1879	0.55	1991514
smart9n/full/neb/2	HPIV-1	0.46	1819	0.69	2496195
smart9n/full/neb/2	SARS-CoV-2	0.44	1764	0.56	2027537
smart9n/full/neb/2	Flu-A-H3N2	0.41	1638	0.53	1920865
smart9n/full/neb/2	Flu-A-H1N1-NY	0.37	1484	0.40	1463447
smart9n/full/neb/2	RSV-A	0.36	1413	0.36	1311334
smart9n/full/neb/2	HPIV-4	0.06	222	0.07	262046
smart9n/full/neb/neg	unclassified	98.89	18428	95.45	9098661
smart9n/full/neb/neg	AdV-3	0.28	53	1.15	109430
smart9n/full/neb/neg	Flu-A-H3N2	0.12	23	0.41	39555
smart9n/full/neb/neg	HPIV-3	0.12	22	0.65	62358
smart9n/full/neb/neg	HPIV-2	0.10	18	0.39	36833
smart9n/full/neb/neg	AdV-1	0.09	16	0.23	22334
smart9n/full/neb/neg	ambiguous	0.08	15	0.49	46325
smart9n/full/neb/neg	HMPV	0.05	10	0.16	15060
smart9n/full/neb/neg	Flu-A-H1N1-NC	0.04	8	0.21	20492
smart9n/full/neb/neg	HPIV-1	0.04	8	0.20	19302
smart9n/full/neb/neg	RSV-A	0.04	7	0.06	5939
smart9n/full/neb/neg	SARS-CoV-2	0.04	7	0.17	16180
smart9n/full/neb/neg	AdV-31	0.02	4	0.07	7131
smart9n/full/neb/neg	Flu-A-H1N1-NY	0.02	4	0.05	5103
smart9n/full/neb/neg	Flu-B	0.02	4	0.09	8489
smart9n/full/neb/neg	HCoV-229E	0.02	4	0.10	9242
smart9n/full/neb/neg	HRV-1A	0.02	4	0.10	9984
smart9n/full/neb/neg	HPIV-4	0.00	0	0.00	0
smart9n/full/rlb/1	unclassified	96.64	7756	88.72	3607401
smart9n/full/rlb/1	AdV-3	0.75	60	2.20	89554
smart9n/full/rlb/1	AdV-1	0.56	45	1.23	50157
smart9n/full/rlb/1	HPIV-3	0.32	26	1.46	59262
smart9n/full/rlb/1	HPIV-2	0.25	20	1.06	43225
smart9n/full/rlb/1	ambiguous	0.25	20	1.22	49474
smart9n/full/rlb/1	Flu-B	0.20	16	0.57	23120
smart9n/full/rlb/1	Flu-A-H3N2	0.17	14	0.51	20639
smart9n/full/rlb/1	HPIV-1	0.16	13	0.62	25128
smart9n/full/rlb/1	RSV-A	0.15	12	0.48	19488
smart9n/full/rlb/1	Flu-A-H1N1-NC	0.14	11	0.52	21010
smart9n/full/rlb/1	SARS-CoV-2	0.11	9	0.46	18697
smart9n/full/rlb/1	HMPV	0.09	7	0.34	13643
smart9n/full/rlb/1	Flu-A-H1N1-NY	0.06	5	0.15	6058
smart9n/full/rlb/1	AdV-31	0.05	4	0.16	6659
smart9n/full/rlb/1	HCoV-229E	0.05	4	0.18	7368
smart9n/full/rlb/1	HRV-1A	0.04	3	0.11	4448
smart9n/full/rlb/1	HPIV-4	0.01	1	0.02	628
smart9n/full/rlb/2	unclassified	97.27	9000	90.35	3924804
smart9n/full/rlb/2	AdV-3	0.70	65	3.00	130310
smart9n/full/rlb/2	AdV-1	0.43	40	0.90	39279
smart9n/full/rlb/2	HPIV-2	0.27	25	1.24	53980
smart9n/full/rlb/2	HPIV-3	0.22	20	1.18	51392
smart9n/full/rlb/2	Flu-A-H3N2	0.17	16	0.45	19394
smart9n/full/rlb/2	ambiguous	0.16	15	0.64	27772
smart9n/full/rlb/2	HMPV	0.11	10	0.30	12821
smart9n/full/rlb/2	HRV-1A	0.10	9	0.31	13263
smart9n/full/rlb/2	Flu-B	0.09	8	0.21	9133
smart9n/full/rlb/2	RSV-A	0.09	8	0.10	4502
smart9n/full/rlb/2	Flu-A-H1N1-NC	0.08	7	0.21	8931
smart9n/full/rlb/2	HCoV-229E	0.08	7	0.27	11900
smart9n/full/rlb/2	HPIV-1	0.06	6	0.39	16777
smart9n/full/rlb/2	AdV-31	0.05	5	0.10	4481
smart9n/full/rlb/2	Flu-A-H1N1-NY	0.05	5	0.16	6990
smart9n/full/rlb/2	HPIV-4	0.04	4	0.09	3891
smart9n/full/rlb/2	SARS-CoV-2	0.03	3	0.10	4546
smart9n/full/rlb/neg	unclassified	97.02	4884	88.82	2349947
smart9n/full/rlb/neg	AdV-3	0.68	34	2.48	65623
smart9n/full/rlb/neg	HPIV-3	0.34	17	1.31	34730
smart9n/full/rlb/neg	AdV-1	0.30	15	1.12	29748
smart9n/full/rlb/neg	HPIV-2	0.24	12	1.03	27157
smart9n/full/rlb/neg	ambiguous	0.22	11	0.86	22661
smart9n/full/rlb/neg	Flu-A-H3N2	0.18	9	0.66	17343
smart9n/full/rlb/neg	AdV-31	0.14	7	0.40	10623
smart9n/full/rlb/neg	HPIV-1	0.14	7	0.80	21284
smart9n/full/rlb/neg	HCoV-229E	0.12	6	0.37	9716
smart9n/full/rlb/neg	HRV-1A	0.12	6	0.44	11633
smart9n/full/rlb/neg	SARS-CoV-2	0.12	6	0.56	14686
smart9n/full/rlb/neg	Flu-A-H1N1-NC	0.10	5	0.33	8714
smart9n/full/rlb/neg	HMPV	0.10	5	0.23	6101
smart9n/full/rlb/neg	RSV-A	0.08	4	0.22	5813
smart9n/full/rlb/neg	Flu-A-H1N1-NY	0.06	3	0.17	4376
smart9n/full/rlb/neg	Flu-B	0.04	2	0.11	2855
smart9n/full/rlb/neg	HPIV-4	0.02	1	0.11	2841
smart9n/full/neb+rlb/1	unclassified	90.48	44162	83.19	29783411
smart9n/full/neb+rlb/1	AdV-3	3.06	1494	5.23	1873654
smart9n/full/neb+rlb/1	AdV-1	1.54	750	2.18	779941
smart9n/full/neb+rlb/1	HPIV-2	0.82	398	1.58	566036
smart9n/full/neb+rlb/1	ambiguous	0.72	351	1.59	569103
smart9n/full/neb+rlb/1	Flu-A-H1N1-NC	0.47	227	0.83	296594
smart9n/full/neb+rlb/1	HPIV-3	0.39	189	0.90	323564
smart9n/full/neb+rlb/1	AdV-31	0.36	175	0.51	184303
smart9n/full/neb+rlb/1	HMPV	0.33	159	0.67	240338
smart9n/full/neb+rlb/1	Flu-B	0.29	141	0.44	157692
smart9n/full/neb+rlb/1	Flu-A-H3N2	0.27	130	0.45	161130
smart9n/full/neb+rlb/1	RSV-A	0.27	130	0.42	150652
smart9n/full/neb+rlb/1	HPIV-1	0.26	126	0.58	206308
smart9n/full/neb+rlb/1	HRV-1A	0.23	113	0.44	156408
smart9n/full/neb+rlb/1	HCoV-229E	0.20	96	0.35	126493
smart9n/full/neb+rlb/1	SARS-CoV-2	0.16	78	0.30	106211
smart9n/full/neb+rlb/1	Flu-A-H1N1-NY	0.15	74	0.26	93495
smart9n/full/neb+rlb/1	HPIV-4	0.03	17	0.07	25137
smart9n/full/neb+rlb/2	unclassified	89.11	35168	82.46	26804166
smart9n/full/neb+rlb/2	AdV-3	3.80	1499	5.85	1900581
smart9n/full/neb+rlb/2	AdV-1	1.55	613	2.14	694820
smart9n/full/neb+rlb/2	HPIV-2	0.85	335	1.45	471157
smart9n/full/neb+rlb/2	ambiguous	0.73	287	1.51	491191
smart9n/full/neb+rlb/2	HPIV-3	0.55	216	1.06	345817
smart9n/full/neb+rlb/2	Flu-A-H1N1-NC	0.52	204	0.83	268916
smart9n/full/neb+rlb/2	Flu-B	0.41	163	0.59	192396
smart9n/full/neb+rlb/2	AdV-31	0.40	159	0.55	178929
smart9n/full/neb+rlb/2	RSV-A	0.33	130	0.44	142425
smart9n/full/neb+rlb/2	HRV-1A	0.32	126	0.53	171865
smart9n/full/neb+rlb/2	HPIV-1	0.28	109	0.58	187786
smart9n/full/neb+rlb/2	HMPV	0.26	104	0.46	148582
smart9n/full/neb+rlb/2	HCoV-229E	0.26	103	0.44	144653
smart9n/full/neb+rlb/2	Flu-A-H3N2	0.23	90	0.40	131077
smart9n/full/neb+rlb/2	SARS-CoV-2	0.18	73	0.34	111962
smart9n/full/neb+rlb/2	Flu-A-H1N1-NY	0.17	66	0.29	93832
smart9n/full/neb+rlb/2	HPIV-4	0.05	20	0.08	26699
smart9n/tag/neb/1	unclassified	78.72	731240	76.71	767331648
smart9n/tag/neb/1	AdV-3	6.98	64828	7.54	75437751
smart9n/tag/neb/1	AdV-1	2.50	23256	2.45	24548509
smart9n/tag/neb/1	ambiguous	1.90	17689	2.41	24110336
smart9n/tag/neb/1	HPIV-2	1.76	16363	1.94	19398158
smart9n/tag/neb/1	HPIV-3	1.25	11645	1.60	16024025
smart9n/tag/neb/1	Flu-A-H1N1-NC	1.11	10314	1.12	11163721
smart9n/tag/neb/1	HPIV-1	0.81	7562	1.08	10760869
smart9n/tag/neb/1	Flu-B	0.71	6568	0.62	6221422
smart9n/tag/neb/1	AdV-31	0.70	6513	0.64	6449451
smart9n/tag/neb/1	HMPV	0.58	5393	0.68	6835750
smart9n/tag/neb/1	HCoV-229E	0.54	5039	0.59	5880640
smart9n/tag/neb/1	Flu-A-H3N2	0.50	4604	0.58	5835845
smart9n/tag/neb/1	HRV-1A	0.49	4526	0.52	5181639
smart9n/tag/neb/1	Flu-A-H1N1-NY	0.45	4223	0.46	4608677
smart9n/tag/neb/1	RSV-A	0.43	4000	0.39	3921884
smart9n/tag/neb/1	SARS-CoV-2	0.42	3926	0.51	5135955
smart9n/tag/neb/1	HPIV-4	0.13	1207	0.14	1402940
smart9n/tag/neb/2	unclassified	79.07	397345	76.57	387566280
smart9n/tag/neb/2	AdV-3	6.47	32513	6.92	35031323
smart9n/tag/neb/2	AdV-1	2.33	11708	2.40	12124447
smart9n/tag/neb/2	HPIV-2	2.00	10049	2.26	11446854
smart9n/tag/neb/2	ambiguous	1.67	8367	2.29	11586574
smart9n/tag/neb/2	Flu-A-H1N1-NC	1.22	6121	1.26	6382887
smart9n/tag/neb/2	HPIV-3	1.08	5403	1.47	7441686
smart9n/tag/neb/2	Flu-B	0.88	4403	0.80	4040057
smart9n/tag/neb/2	AdV-31	0.81	4078	0.80	4032877
smart9n/tag/neb/2	HPIV-1	0.72	3634	0.97	4931453
smart9n/tag/neb/2	HCoV-229E	0.58	2900	0.63	3184550
smart9n/tag/neb/2	HRV-1A	0.56	2829	0.58	2922306
smart9n/tag/neb/2	HMPV	0.56	2808	0.60	3021875
smart9n/tag/neb/2	RSV-A	0.55	2749	0.55	2783782
smart9n/tag/neb/2	Flu-A-H3N2	0.47	2370	0.68	3424174
smart9n/tag/neb/2	SARS-CoV-2	0.44	2214	0.54	2748082
smart9n/tag/neb/2	Flu-A-H1N1-NY	0.44	2199	0.45	2292233
smart9n/tag/neb/2	HPIV-4	0.16	810	0.23	1171081
smart9n/tag/rlb/1	unclassified	97.73	7396	90.63	3155051
smart9n/tag/rlb/1	AdV-3	0.49	37	1.64	56958
smart9n/tag/rlb/1	HPIV-2	0.28	21	1.17	40594
smart9n/tag/rlb/1	AdV-1	0.26	20	1.14	39780
smart9n/tag/rlb/1	ambiguous	0.21	16	1.19	41497
smart9n/tag/rlb/1	HPIV-3	0.20	15	0.80	27693
smart9n/tag/rlb/1	Flu-A-H1N1-NC	0.13	10	0.50	17272
smart9n/tag/rlb/1	HMPV	0.13	10	0.40	14062
smart9n/tag/rlb/1	HPIV-1	0.11	8	0.60	20929
smart9n/tag/rlb/1	SARS-CoV-2	0.11	8	0.70	24309
smart9n/tag/rlb/1	AdV-31	0.07	5	0.26	9003
smart9n/tag/rlb/1	Flu-B	0.07	5	0.19	6509
smart9n/tag/rlb/1	Flu-A-H3N2	0.05	4	0.15	5243
smart9n/tag/rlb/1	HCoV-229E	0.05	4	0.18	6302
smart9n/tag/rlb/1	HRV-1A	0.05	4	0.16	5475
smart9n/tag/rlb/1	Flu-A-H1N1-NY	0.04	3	0.19	6742
smart9n/tag/rlb/1	HPIV-4	0.01	1	0.04	1414
smart9n/tag/rlb/1	RSV-A	0.01	1	0.06	2261
smart9n/tag/rlb/2	unclassified	97.83	8532	91.85	4127931
smart9n/tag/rlb/2	AdV-3	0.54	47	1.95	87414
smart9n/tag/rlb/2	HPIV-3	0.23	20	0.88	39696
smart9n/tag/rlb/2	AdV-1	0.18	16	0.60	26845
smart9n/tag/rlb/2	HPIV-2	0.16	14	0.54	24386
smart9n/tag/rlb/2	ambiguous	0.16	14	1.04	46732
smart9n/tag/rlb/2	Flu-A-H1N1-NC	0.11	10	0.28	12492
smart9n/tag/rlb/2	Flu-A-H3N2	0.11	10	0.33	14923
smart9n/tag/rlb/2	HPIV-1	0.11	10	0.64	28727
smart9n/tag/rlb/2	RSV-A	0.09	8	0.36	16016
smart9n/tag/rlb/2	AdV-31	0.08	7	0.21	9506
smart9n/tag/rlb/2	Flu-A-H1N1-NY	0.07	6	0.19	8618
smart9n/tag/rlb/2	HPIV-4	0.07	6	0.20	8979
smart9n/tag/rlb/2	HMPV	0.06	5	0.19	8315
smart9n/tag/rlb/2	HRV-1A	0.06	5	0.19	8761
smart9n/tag/rlb/2	SARS-CoV-2	0.06	5	0.33	14734
smart9n/tag/rlb/2	HCoV-229E	0.05	4	0.17	7448
smart9n/tag/rlb/2	Flu-B	0.02	2	0.06	2681
smart9n/tag/neb+rlb/1	unclassified	98.39	32297	93.83	13606779
smart9n/tag/neb+rlb/1	Flu-A-H3N2	0.34	113	0.68	97963
smart9n/tag/neb+rlb/1	AdV-3	0.31	102	1.40	203287
smart9n/tag/neb+rlb/1	HPIV-2	0.16	53	0.78	112948
smart9n/tag/neb+rlb/1	AdV-1	0.13	42	0.45	65783
smart9n/tag/neb+rlb/1	HPIV-3	0.12	40	0.59	85219
smart9n/tag/neb+rlb/1	ambiguous	0.09	31	0.55	79190
smart9n/tag/neb+rlb/1	HMPV	0.07	23	0.21	30399
smart9n/tag/neb+rlb/1	Flu-A-H1N1-NC	0.06	19	0.23	33766
smart9n/tag/neb+rlb/1	Flu-B	0.05	18	0.19	27222
smart9n/tag/neb+rlb/1	HCoV-229E	0.05	18	0.27	38558
smart9n/tag/neb+rlb/1	AdV-31	0.05	17	0.21	31060
smart9n/tag/neb+rlb/1	RSV-A	0.05	16	0.13	18624
smart9n/tag/neb+rlb/1	HPIV-1	0.04	14	0.20	29281
smart9n/tag/neb+rlb/1	HRV-1A	0.04	12	0.15	21693
smart9n/tag/neb+rlb/1	Flu-A-H1N1-NY	0.02	5	0.05	6972
smart9n/tag/neb+rlb/1	SARS-CoV-2	0.01	4	0.05	7695
smart9n/tag/neb+rlb/1	HPIV-4	0.01	3	0.04	5686
smart9n/tag/neb+rlb/2	unclassified	98.76	18788	94.82	7292130
smart9n/tag/neb+rlb/2	Flu-A-H3N2	0.33	63	0.67	51478
smart9n/tag/neb+rlb/2	AdV-3	0.22	42	1.02	78285
smart9n/tag/neb+rlb/2	HPIV-2	0.10	19	0.52	40305
smart9n/tag/neb+rlb/2	ambiguous	0.10	19	0.66	50426
smart9n/tag/neb+rlb/2	AdV-1	0.08	16	0.38	29457
smart9n/tag/neb+rlb/2	HPIV-3	0.08	15	0.46	35255
smart9n/tag/neb+rlb/2	Flu-A-H1N1-NC	0.05	10	0.25	19365
smart9n/tag/neb+rlb/2	HCoV-229E	0.05	9	0.17	13264
smart9n/tag/neb+rlb/2	SARS-CoV-2	0.05	9	0.25	19524
smart9n/tag/neb+rlb/2	Flu-B	0.04	7	0.12	9500
smart9n/tag/neb+rlb/2	HPIV-1	0.03	6	0.20	15030
smart9n/tag/neb+rlb/2	HMPV	0.03	5	0.08	6488
smart9n/tag/neb+rlb/2	AdV-31	0.02	4	0.17	13292
smart9n/tag/neb+rlb/2	HRV-1A	0.02	4	0.12	8885
smart9n/tag/neb+rlb/2	RSV-A	0.02	4	0.06	4977
smart9n/tag/neb+rlb/2	Flu-A-H1N1-NY	0.02	3	0.03	2560
smart9n/tag/neb+rlb/2	HPIV-4	0.00	0	0.00	0
smart9n/full+tag/neb/1	unclassified	79.17	423880	77.20	451766173
smart9n/full+tag/neb/1	AdV-3	6.54	35009	7.08	41406783
smart9n/full+tag/neb/1	AdV-1	2.34	12538	2.32	13558519
smart9n/full+tag/neb/1	HPIV-2	2.04	10921	2.29	13426360
smart9n/full+tag/neb/1	ambiguous	1.71	9163	2.16	12644761
smart9n/full+tag/neb/1	Flu-A-H1N1-NC	1.16	6233	1.19	6938316
smart9n/full+tag/neb/1	HPIV-3	1.13	6064	1.44	8397117
smart9n/full+tag/neb/1	AdV-31	0.74	3988	0.69	4049549
smart9n/full+tag/neb/1	HCoV-229E	0.72	3834	0.75	4383983
smart9n/full+tag/neb/1	HPIV-1	0.68	3644	0.91	5331369
smart9n/full+tag/neb/1	Flu-B	0.66	3513	0.58	3402126
smart9n/full+tag/neb/1	HRV-1A	0.59	3139	0.60	3502641
smart9n/full+tag/neb/1	SARS-CoV-2	0.51	2736	0.61	3579877
smart9n/full+tag/neb/1	RSV-A	0.49	2648	0.47	2744270
smart9n/full+tag/neb/1	HMPV	0.48	2575	0.56	3251868
smart9n/full+tag/neb/1	Flu-A-H1N1-NY	0.47	2502	0.46	2713633
smart9n/full+tag/neb/1	Flu-A-H3N2	0.47	2498	0.56	3285871
smart9n/full+tag/neb/1	HPIV-4	0.10	529	0.13	779292
smart9n/full+tag/neb/2	unclassified	79.34	790872	77.34	773544498
smart9n/full+tag/neb/2	AdV-3	6.94	69202	7.49	74908984
smart9n/full+tag/neb/2	AdV-1	2.26	22528	2.19	21912622
smart9n/full+tag/neb/2	HPIV-2	1.99	19883	2.27	22735669
smart9n/full+tag/neb/2	ambiguous	1.68	16777	2.14	21380336
smart9n/full+tag/neb/2	HPIV-3	1.03	10258	1.32	13248804
smart9n/full+tag/neb/2	Flu-A-H1N1-NC	1.03	10241	1.07	10733155
smart9n/full+tag/neb/2	AdV-31	0.84	8389	0.81	8086913
smart9n/full+tag/neb/2	Flu-B	0.65	6475	0.58	5849531
smart9n/full+tag/neb/2	HCoV-229E	0.61	6045	0.68	6823840
smart9n/full+tag/neb/2	HRV-1A	0.58	5801	0.63	6321827
smart9n/full+tag/neb/2	HMPV	0.57	5674	0.65	6494520
smart9n/full+tag/neb/2	HPIV-1	0.51	5102	0.63	6299719
smart9n/full+tag/neb/2	SARS-CoV-2	0.50	5006	0.62	6171094
smart9n/full+tag/neb/2	Flu-A-H3N2	0.48	4797	0.56	5574461
smart9n/full+tag/neb/2	Flu-A-H1N1-NY	0.45	4494	0.49	4867336
smart9n/full+tag/neb/2	RSV-A	0.44	4366	0.41	4053890
smart9n/full+tag/neb/2	HPIV-4	0.09	910	0.12	1163232
smart9n/full+tag/rlb/1	unclassified	98.40	13160	92.22	5002996
smart9n/full+tag/rlb/1	AdV-3	0.36	48	1.52	82255
smart9n/full+tag/rlb/1	HPIV-2	0.19	25	1.07	57783
smart9n/full+tag/rlb/1	ambiguous	0.16	21	1.32	71677
smart9n/full+tag/rlb/1	AdV-1	0.15	20	0.62	33744
smart9n/full+tag/rlb/1	Flu-A-H3N2	0.12	16	0.31	16658
smart9n/full+tag/rlb/1	RSV-A	0.10	14	0.43	23477
smart9n/full+tag/rlb/1	HPIV-3	0.10	13	0.72	39291
smart9n/full+tag/rlb/1	Flu-A-H1N1-NC	0.07	10	0.31	16824
smart9n/full+tag/rlb/1	SARS-CoV-2	0.06	8	0.32	17203
smart9n/full+tag/rlb/1	AdV-31	0.05	7	0.17	9133
smart9n/full+tag/rlb/1	Flu-B	0.05	7	0.21	11175
smart9n/full+tag/rlb/1	HRV-1A	0.05	7	0.28	15320
smart9n/full+tag/rlb/1	Flu-A-H1N1-NY	0.03	4	0.12	6726
smart9n/full+tag/rlb/1	HCoV-229E	0.03	4	0.14	7429
smart9n/full+tag/rlb/1	HPIV-1	0.03	4	0.14	7568
smart9n/full+tag/rlb/1	HMPV	0.02	3	0.05	2456
smart9n/full+tag/rlb/1	HPIV-4	0.02	3	0.07	3551
smart9n/full+tag/rlb/2	unclassified	98.24	17972	92.10	7199571
smart9n/full+tag/rlb/2	AdV-3	0.43	79	1.92	150090
smart9n/full+tag/rlb/2	AdV-1	0.20	36	0.68	52992
smart9n/full+tag/rlb/2	HPIV-2	0.19	35	0.99	77611
smart9n/full+tag/rlb/2	HPIV-3	0.17	32	0.83	64755
smart9n/full+tag/rlb/2	ambiguous	0.15	27	0.94	73625
smart9n/full+tag/rlb/2	Flu-A-H3N2	0.11	21	0.37	28786
smart9n/full+tag/rlb/2	Flu-A-H1N1-NC	0.08	14	0.30	23435
smart9n/full+tag/rlb/2	AdV-31	0.07	12	0.31	24170
smart9n/full+tag/rlb/2	HPIV-1	0.06	11	0.33	25651
smart9n/full+tag/rlb/2	HMPV	0.05	10	0.27	21198
smart9n/full+tag/rlb/2	HRV-1A	0.05	10	0.26	20031
smart9n/full+tag/rlb/2	HCoV-229E	0.05	9	0.22	16878
smart9n/full+tag/rlb/2	RSV-A	0.04	7	0.10	7840
smart9n/full+tag/rlb/2	SARS-CoV-2	0.04	7	0.18	13982
smart9n/full+tag/rlb/2	Flu-B	0.03	5	0.08	6431
smart9n/full+tag/rlb/2	HPIV-4	0.02	4	0.07	5859
smart9n/full+tag/rlb/2	Flu-A-H1N1-NY	0.02	3	0.06	4464
smart9n/full+tag/neb+rlb/1	unclassified	98.91	37545	96.07	15278270
smart9n/full+tag/neb+rlb/1	Flu-A-H3N2	0.28	106	0.50	79316
smart9n/full+tag/neb+rlb/1	AdV-3	0.21	81	0.95	151045
smart9n/full+tag/neb+rlb/1	AdV-1	0.09	33	0.28	44061
smart9n/full+tag/neb+rlb/1	HPIV-3	0.09	33	0.44	69583
smart9n/full+tag/neb+rlb/1	HPIV-2	0.07	26	0.29	45897
smart9n/full+tag/neb+rlb/1	ambiguous	0.06	23	0.31	49611
smart9n/full+tag/neb+rlb/1	Flu-A-H1N1-NC	0.04	15	0.17	26523
smart9n/full+tag/neb+rlb/1	AdV-31	0.03	13	0.13	21386
smart9n/full+tag/neb+rlb/1	RSV-A	0.03	13	0.09	14611
smart9n/full+tag/neb+rlb/1	Flu-B	0.03	12	0.08	12800
smart9n/full+tag/neb+rlb/1	HMPV	0.03	12	0.12	18533
smart9n/full+tag/neb+rlb/1	HRV-1A	0.03	12	0.17	27018
smart9n/full+tag/neb+rlb/1	HCoV-229E	0.02	9	0.10	15664
smart9n/full+tag/neb+rlb/1	HPIV-1	0.02	8	0.12	19463
smart9n/full+tag/neb+rlb/1	SARS-CoV-2	0.02	7	0.09	14681
smart9n/full+tag/neb+rlb/1	Flu-A-H1N1-NY	0.02	6	0.05	7637
smart9n/full+tag/neb+rlb/1	HPIV-4	0.01	3	0.04	6801
smart9n/full+tag/neb+rlb/2	unclassified	98.90	51481	95.97	20085631
smart9n/full+tag/neb+rlb/2	Flu-A-H3N2	0.32	168	0.58	121641
smart9n/full+tag/neb+rlb/2	AdV-3	0.22	114	0.97	203578
smart9n/full+tag/neb+rlb/2	HPIV-2	0.08	41	0.43	90817
smart9n/full+tag/neb+rlb/2	HPIV-3	0.07	34	0.33	69448
smart9n/full+tag/neb+rlb/2	AdV-1	0.06	32	0.22	47086
smart9n/full+tag/neb+rlb/2	ambiguous	0.06	30	0.33	68368
smart9n/full+tag/neb+rlb/2	Flu-A-H1N1-NC	0.04	23	0.17	35232
smart9n/full+tag/neb+rlb/2	Flu-B	0.03	18	0.09	18392
smart9n/full+tag/neb+rlb/2	RSV-A	0.03	18	0.10	21136
smart9n/full+tag/neb+rlb/2	HPIV-1	0.03	16	0.19	38886
smart9n/full+tag/neb+rlb/2	AdV-31	0.03	15	0.10	20832
smart9n/full+tag/neb+rlb/2	HMPV	0.03	15	0.11	23670
smart9n/full+tag/neb+rlb/2	SARS-CoV-2	0.03	15	0.14	30248
smart9n/full+tag/neb+rlb/2	HRV-1A	0.02	11	0.08	17637
smart9n/full+tag/neb+rlb/2	HCoV-229E	0.02	10	0.08	17741
smart9n/full+tag/neb+rlb/2	Flu-A-H1N1-NY	0.01	5	0.04	8187
smart9n/full+tag/neb+rlb/2	HPIV-4	0.01	5	0.05	9835
roundaspike/full/neb/1	unclassified	89.30	1448640	85.53	855483626
roundaspike/full/neb/1	AdV-3	2.09	33836	2.35	23489827
roundaspike/full/neb/1	HPIV-2	1.51	24560	2.76	27630867
roundaspike/full/neb/1	AdV-1	1.28	20765	1.34	13446050
roundaspike/full/neb/1	HPIV-3	0.89	14407	1.66	16613876
roundaspike/full/neb/1	Flu-A-H1N1-NC	0.88	14322	0.95	9464130
roundaspike/full/neb/1	RSV-A	0.76	12314	0.89	8948886
roundaspike/full/neb/1	Flu-B	0.73	11850	0.76	7614549
roundaspike/full/neb/1	ambiguous	0.60	9810	0.92	9179121
roundaspike/full/neb/1	HPIV-1	0.45	7245	0.76	7572185
roundaspike/full/neb/1	Flu-A-H3N2	0.44	7205	0.62	6230311
roundaspike/full/neb/1	HRV-1A	0.38	6163	0.52	5231125
roundaspike/full/neb/1	Flu-A-H1N1-NY	0.27	4440	0.37	3690301
roundaspike/full/neb/1	AdV-31	0.21	3416	0.25	2497906
roundaspike/full/neb/1	HMPV	0.17	2720	0.27	2741571
roundaspike/full/neb/1	HPIV-4	0.03	432	0.03	325770
roundaspike/full/neb/1	HCoV-229E	0.00	19	0.00	9260
roundaspike/full/neb/1	SARS-CoV-2	0.00	0	0.00	0
roundaspike/full/neb/2	unclassified	99.94	2438844	99.88	998873237
roundaspike/full/neb/2	Flu-A-H3N2	0.06	1378	0.12	1218163
roundaspike/full/neb/2	AdV-3	0.00	8	0.00	5966
roundaspike/full/neb/2	HPIV-1	0.00	3	0.00	5865
roundaspike/full/neb/2	HPIV-2	0.00	3	0.00	3673
roundaspike/full/neb/2	HPIV-3	0.00	3	0.00	4131
roundaspike/full/neb/2	ambiguous	0.00	3	0.00	5685
roundaspike/full/neb/2	AdV-1	0.00	2	0.00	1947
roundaspike/full/neb/2	Flu-A-H1N1-NC	0.00	2	0.00	1421
roundaspike/full/neb/2	Flu-B	0.00	1	0.00	329
roundaspike/full/neb/2	HPIV-4	0.00	1	0.00	541
roundaspike/full/neb/2	AdV-31	0.00	0	0.00	0
roundaspike/full/neb/2	Flu-A-H1N1-NY	0.00	0	0.00	0
roundaspike/full/neb/2	HCoV-229E	0.00	0	0.00	0
roundaspike/full/neb/2	HMPV	0.00	0	0.00	0
roundaspike/full/neb/2	HRV-1A	0.00	0	0.00	0
roundaspike/full/neb/2	RSV-A	0.00	0	0.00	0
roundaspike/full/neb/2	SARS-CoV-2	0.00	0	0.00	0
roundaspike/full/neb/3	unclassified	99.70	1180647	99.65	996715520
roundaspike/full/neb/3	Flu-A-H3N2	0.10	1234	0.15	1540275
roundaspike/full/neb/3	AdV-3	0.04	466	0.03	347376
roundaspike/full/neb/3	HPIV-2	0.03	402	0.04	394200
roundaspike/full/neb/3	HPIV-3	0.02	262	0.03	261086
roundaspike/full/neb/3	AdV-1	0.02	226	0.01	147336
roundaspike/full/neb/3	RSV-A	0.02	205	0.02	151540
roundaspike/full/neb/3	HPIV-1	0.01	127	0.01	137079
roundaspike/full/neb/3	Flu-A-H1N1-NC	0.01	123	0.01	101481
roundaspike/full/neb/3	Flu-B	0.01	122	0.01	69313
roundaspike/full/neb/3	ambiguous	0.01	90	0.01	91239
roundaspike/full/neb/3	HMPV	0.01	82	0.01	67402
roundaspike/full/neb/3	AdV-31	0.01	79	0.01	51670
roundaspike/full/neb/3	Flu-A-H1N1-NY	0.01	74	0.01	63593
roundaspike/full/neb/3	HRV-1A	0.00	54	0.01	54141
roundaspike/full/neb/3	HPIV-4	0.00	46	0.00	36428
roundaspike/full/neb/3	HCoV-229E	0.00	5	0.00	3395
roundaspike/full/neb/3	SARS-CoV-2	0.00	0	0.00	0
roundaspike/full/neb/neg	unclassified	99.38	1774	99.25	1569181
roundaspike/full/neb/neg	HPIV-1	0.17	3	0.24	3773
roundaspike/full/neb/neg	Flu-A-H3N2	0.11	2	0.13	2040
roundaspike/full/neb/neg	HPIV-2	0.11	2	0.11	1730
roundaspike/full/neb/neg	AdV-3	0.06	1	0.06	1027
roundaspike/full/neb/neg	Flu-A-H1N1-NY	0.06	1	0.08	1336
roundaspike/full/neb/neg	HPIV-3	0.06	1	0.08	1261
roundaspike/full/neb/neg	HPIV-4	0.06	1	0.05	751
roundaspike/full/neb/neg	AdV-1	0.00	0	0.00	0
roundaspike/full/neb/neg	AdV-31	0.00	0	0.00	0
roundaspike/full/neb/neg	Flu-A-H1N1-NC	0.00	0	0.00	0
roundaspike/full/neb/neg	Flu-B	0.00	0	0.00	0
roundaspike/full/neb/neg	HCoV-229E	0.00	0	0.00	0
roundaspike/full/neb/neg	HMPV	0.00	0	0.00	0
roundaspike/full/neb/neg	HRV-1A	0.00	0	0.00	0
roundaspike/full/neb/neg	RSV-A	0.00	0	0.00	0
roundaspike/full/neb/neg	SARS-CoV-2	0.00	0	0.00	0
roundaspike/full/neb/neg	ambiguous	0.00	0	0.00	0
roundaspike/tag/neb/1	unclassified	89.12	1709084	84.35	843660554
roundaspike/tag/neb/1	AdV-3	1.74	33321	1.71	17116657
roundaspike/tag/neb/1	HPIV-2	1.64	31386	2.75	27511870
roundaspike/tag/neb/1	AdV-1	1.32	25371	1.25	12464642
roundaspike/tag/neb/1	HPIV-3	0.99	19009	2.02	20192694
roundaspike/tag/neb/1	RSV-A	0.85	16250	1.29	12950606
roundaspike/tag/neb/1	Flu-A-H1N1-NC	0.74	14138	1.08	10775953
roundaspike/tag/neb/1	Flu-B	0.73	14004	0.70	6979377
roundaspike/tag/neb/1	HPIV-1	0.65	12493	1.54	15401883
roundaspike/tag/neb/1	HMPV	0.48	9146	0.81	8130954
roundaspike/tag/neb/1	HRV-1A	0.46	8751	0.64	6403033
roundaspike/tag/neb/1	Flu-A-H3N2	0.30	5685	0.45	4485616
roundaspike/tag/neb/1	Flu-A-H1N1-NY	0.27	5192	0.30	2956274
roundaspike/tag/neb/1	SARS-CoV-2	0.24	4613	0.28	2827225
roundaspike/tag/neb/1	ambiguous	0.23	4467	0.47	4726163
roundaspike/tag/neb/1	HPIV-4	0.16	3011	0.23	2320142
roundaspike/tag/neb/1	HCoV-229E	0.06	1149	0.10	967737
roundaspike/tag/neb/1	AdV-31	0.04	690	0.03	340483
roundaspike/tag/neb/2	unclassified	99.95	2226663	99.89	999184368
roundaspike/tag/neb/2	Flu-A-H3N2	0.05	1101	0.11	1078766
roundaspike/tag/neb/2	AdV-3	0.00	4	0.00	3694
roundaspike/tag/neb/2	HPIV-3	0.00	3	0.00	4540
roundaspike/tag/neb/2	HPIV-1	0.00	2	0.00	2411
roundaspike/tag/neb/2	HPIV-2	0.00	2	0.00	2111
roundaspike/tag/neb/2	AdV-1	0.00	1	0.00	1372
roundaspike/tag/neb/2	AdV-31	0.00	1	0.00	794
roundaspike/tag/neb/2	Flu-A-H1N1-NC	0.00	1	0.00	1289
roundaspike/tag/neb/2	Flu-B	0.00	1	0.00	465
roundaspike/tag/neb/2	ambiguous	0.00	1	0.00	2402
roundaspike/tag/neb/2	Flu-A-H1N1-NY	0.00	0	0.00	0
roundaspike/tag/neb/2	HCoV-229E	0.00	0	0.00	0
roundaspike/tag/neb/2	HMPV	0.00	0	0.00	0
roundaspike/tag/neb/2	HPIV-4	0.00	0	0.00	0
roundaspike/tag/neb/2	HRV-1A	0.00	0	0.00	0
roundaspike/tag/neb/2	RSV-A	0.00	0	0.00	0
roundaspike/tag/neb/2	SARS-CoV-2	0.00	0	0.00	0
roundaspike/tag/neb/3	unclassified	99.68	1309855	99.55	995636644
roundaspike/tag/neb/3	Flu-A-H3N2	0.11	1451	0.21	2146544
roundaspike/tag/neb/3	AdV-3	0.05	597	0.04	414844
roundaspike/tag/neb/3	Flu-A-H1N1-NC	0.03	382	0.03	332144
roundaspike/tag/neb/3	HPIV-2	0.03	357	0.04	394257
roundaspike/tag/neb/3	HPIV-3	0.03	333	0.04	353942
roundaspike/tag/neb/3	ambiguous	0.02	251	0.02	213509
roundaspike/tag/neb/3	Flu-B	0.02	225	0.01	134560
roundaspike/tag/neb/3	RSV-A	0.01	161	0.01	106257
roundaspike/tag/neb/3	AdV-1	0.01	96	0.00	49938
roundaspike/tag/neb/3	HMPV	0.01	80	0.01	101747
roundaspike/tag/neb/3	AdV-31	0.01	75	0.01	61162
roundaspike/tag/neb/3	HPIV-1	0.00	63	0.01	95936
roundaspike/tag/neb/3	Flu-A-H1N1-NY	0.00	59	0.00	31009
roundaspike/tag/neb/3	HPIV-4	0.00	42	0.00	40448
roundaspike/tag/neb/3	HRV-1A	0.00	30	0.00	22159
roundaspike/tag/neb/3	HCoV-229E	0.00	3	0.00	2476
roundaspike/tag/neb/3	SARS-CoV-2	0.00	0	0.00	0
roundaspike/tag/neb/neg	unclassified	99.69	1153817	99.45	423351862
roundaspike/tag/neb/neg	Flu-A-H3N2	0.31	3551	0.55	2351101
roundaspike/tag/neb/neg	HPIV-3	0.00	4	0.00	4453
roundaspike/tag/neb/neg	HPIV-2	0.00	3	0.00	4961
roundaspike/tag/neb/neg	AdV-1	0.00	1	0.00	376
roundaspike/tag/neb/neg	AdV-3	0.00	1	0.00	1065
roundaspike/tag/neb/neg	Flu-A-H1N1-NY	0.00	1	0.00	365
roundaspike/tag/neb/neg	AdV-31	0.00	0	0.00	0
roundaspike/tag/neb/neg	Flu-A-H1N1-NC	0.00	0	0.00	0
roundaspike/tag/neb/neg	Flu-B	0.00	0	0.00	0
roundaspike/tag/neb/neg	HCoV-229E	0.00	0	0.00	0
roundaspike/tag/neb/neg	HMPV	0.00	0	0.00	0
roundaspike/tag/neb/neg	HPIV-1	0.00	0	0.00	0
roundaspike/tag/neb/neg	HPIV-4	0.00	0	0.00	0
roundaspike/tag/neb/neg	HRV-1A	0.00	0	0.00	0
roundaspike/tag/neb/neg	RSV-A	0.00	0	0.00	0
roundaspike/tag/neb/neg	SARS-CoV-2	0.00	0	0.00	0
roundaspike/tag/neb/neg	ambiguous	0.00	0	0.00	0
roundaspike/tag/rlb/1	unclassified	99.86	28693	99.24	7851986
roundaspike/tag/rlb/1	AdV-1	0.03	10	0.25	19582
roundaspike/tag/rlb/1	AdV-3	0.03	8	0.18	14562
roundaspike/tag/rlb/1	Flu-A-H3N2	0.02	5	0.05	4121
roundaspike/tag/rlb/1	RSV-A	0.01	4	0.03	2326
roundaspike/tag/rlb/1	AdV-31	0.01	3	0.08	6389
roundaspike/tag/rlb/1	Flu-A-H1N1-NC	0.01	3	0.02	1905
roundaspike/tag/rlb/1	HPIV-2	0.01	2	0.02	1266
roundaspike/tag/rlb/1	HPIV-3	0.01	2	0.02	1382
roundaspike/tag/rlb/1	ambiguous	0.01	2	0.09	7173
roundaspike/tag/rlb/1	Flu-A-H1N1-NY	0.00	1	0.01	852
roundaspike/tag/rlb/1	HRV-1A	0.00	1	0.00	374
roundaspike/tag/rlb/1	Flu-B	0.00	0	0.00	0
roundaspike/tag/rlb/1	HCoV-229E	0.00	0	0.00	0
roundaspike/tag/rlb/1	HMPV	0.00	0	0.00	0
roundaspike/tag/rlb/1	HPIV-1	0.00	0	0.00	0
roundaspike/tag/rlb/1	HPIV-4	0.00	0	0.00	0
roundaspike/tag/rlb/1	SARS-CoV-2	0.00	0	0.00	0
roundaspike/tag/rlb/2	unclassified	99.99	2175180	99.98	999819869
roundaspike/tag/rlb/2	AdV-1	0.01	154	0.01	130706
roundaspike/tag/rlb/2	Flu-A-H3N2	0.00	58	0.00	46304
roundaspike/tag/rlb/2	Flu-A-H1N1-NC	0.00	2	0.00	3545
roundaspike/tag/rlb/2	HPIV-1	0.00	2	0.00	3814
roundaspike/tag/rlb/2	HPIV-2	0.00	2	0.00	4855
roundaspike/tag/rlb/2	HPIV-3	0.00	2	0.00	4853
roundaspike/tag/rlb/2	AdV-3	0.00	1	0.00	1146
roundaspike/tag/rlb/2	Flu-A-H1N1-NY	0.00	1	0.00	1845
roundaspike/tag/rlb/2	HRV-1A	0.00	1	0.00	939
roundaspike/tag/rlb/2	RSV-A	0.00	1	0.00	1619
roundaspike/tag/rlb/2	AdV-31	0.00	0	0.00	0
roundaspike/tag/rlb/2	Flu-B	0.00	0	0.00	0
roundaspike/tag/rlb/2	HCoV-229E	0.00	0	0.00	0
roundaspike/tag/rlb/2	HMPV	0.00	0	0.00	0
roundaspike/tag/rlb/2	HPIV-4	0.00	0	0.00	0
roundaspike/tag/rlb/2	SARS-CoV-2	0.00	0	0.00	0
roundaspike/tag/rlb/2	ambiguous	0.00	0	0.00	0
roundaspike/tag/rlb/3	unclassified	99.94	42895	99.82	11743934
roundaspike/tag/rlb/3	Flu-A-H3N2	0.02	9	0.04	5167
roundaspike/tag/rlb/3	HPIV-2	0.01	4	0.04	4512
roundaspike/tag/rlb/3	AdV-1	0.01	3	0.04	4279
roundaspike/tag/rlb/3	Flu-B	0.00	2	0.02	2484
roundaspike/tag/rlb/3	HPIV-3	0.00	2	0.02	1940
roundaspike/tag/rlb/3	RSV-A	0.00	2	0.01	1574
roundaspike/tag/rlb/3	AdV-3	0.00	1	0.01	667
roundaspike/tag/rlb/3	HPIV-1	0.00	1	0.01	1029
roundaspike/tag/rlb/3	AdV-31	0.00	0	0.00	0
roundaspike/tag/rlb/3	Flu-A-H1N1-NC	0.00	0	0.00	0
roundaspike/tag/rlb/3	Flu-A-H1N1-NY	0.00	0	0.00	0
roundaspike/tag/rlb/3	HCoV-229E	0.00	0	0.00	0
roundaspike/tag/rlb/3	HMPV	0.00	0	0.00	0
roundaspike/tag/rlb/3	HPIV-4	0.00	0	0.00	0
roundaspike/tag/rlb/3	HRV-1A	0.00	0	0.00	0
roundaspike/tag/rlb/3	SARS-CoV-2	0.00	0	0.00	0
roundaspike/tag/rlb/3	ambiguous	0.00	0	0.00	0
roundaspike/tag/rlb/neg	unclassified	99.54	1526	99.35	1283210
roundaspike/tag/rlb/neg	AdV-3	0.26	4	0.33	4250
roundaspike/tag/rlb/neg	Flu-A-H3N2	0.07	1	0.10	1346
roundaspike/tag/rlb/neg	HPIV-2	0.07	1	0.07	842
roundaspike/tag/rlb/neg	ambiguous	0.07	1	0.15	1949
roundaspike/tag/rlb/neg	AdV-1	0.00	0	0.00	0
roundaspike/tag/rlb/neg	AdV-31	0.00	0	0.00	0
roundaspike/tag/rlb/neg	Flu-A-H1N1-NC	0.00	0	0.00	0
roundaspike/tag/rlb/neg	Flu-A-H1N1-NY	0.00	0	0.00	0
roundaspike/tag/rlb/neg	Flu-B	0.00	0	0.00	0
roundaspike/tag/rlb/neg	HCoV-229E	0.00	0	0.00	0
roundaspike/tag/rlb/neg	HMPV	0.00	0	0.00	0
roundaspike/tag/rlb/neg	HPIV-1	0.00	0	0.00	0
roundaspike/tag/rlb/neg	HPIV-3	0.00	0	0.00	0
roundaspike/tag/rlb/neg	HPIV-4	0.00	0	0.00	0
roundaspike/tag/rlb/neg	HRV-1A	0.00	0	0.00	0
roundaspike/tag/rlb/neg	RSV-A	0.00	0	0.00	0
roundaspike/tag/rlb/neg	SARS-CoV-2	0.00	0	0.00	0
roundaspike/tag/neb+rlb/1	unclassified	99.92	163071	99.82	34688723
roundaspike/tag/neb+rlb/1	Flu-A-H3N2	0.06	97	0.12	40318
roundaspike/tag/neb+rlb/1	HPIV-2	0.00	7	0.02	6549
roundaspike/tag/neb+rlb/1	AdV-3	0.00	5	0.01	2804
roundaspike/tag/neb+rlb/1	Flu-B	0.00	3	0.00	983
roundaspike/tag/neb+rlb/1	HPIV-4	0.00	3	0.00	738
roundaspike/tag/neb+rlb/1	HRV-1A	0.00	3	0.01	2732
roundaspike/tag/neb+rlb/1	RSV-A	0.00	2	0.01	1752
roundaspike/tag/neb+rlb/1	AdV-1	0.00	1	0.00	957
roundaspike/tag/neb+rlb/1	Flu-A-H1N1-NY	0.00	1	0.00	1001
roundaspike/tag/neb+rlb/1	HPIV-1	0.00	1	0.01	3271
roundaspike/tag/neb+rlb/1	HPIV-3	0.00	1	0.00	570
roundaspike/tag/neb+rlb/1	ambiguous	0.00	1	0.00	1108
roundaspike/tag/neb+rlb/1	AdV-31	0.00	0	0.00	0
roundaspike/tag/neb+rlb/1	Flu-A-H1N1-NC	0.00	0	0.00	0
roundaspike/tag/neb+rlb/1	HCoV-229E	0.00	0	0.00	0
roundaspike/tag/neb+rlb/1	HMPV	0.00	0	0.00	0
roundaspike/tag/neb+rlb/1	SARS-CoV-2	0.00	0	0.00	0
roundaspike/tag/neb+rlb/2	unclassified	99.97	2656572	99.93	999511016
roundaspike/tag/neb+rlb/2	Flu-A-H3N2	0.03	800	0.06	625419
roundaspike/tag/neb+rlb/2	AdV-3	0.00	6	0.00	5025
roundaspike/tag/neb+rlb/2	AdV-1	0.00	4	0.00	2515
roundaspike/tag/neb+rlb/2	HPIV-3	0.00	4	0.00	6867
roundaspike/tag/neb+rlb/2	ambiguous	0.00	3	0.00	4202
roundaspike/tag/neb+rlb/2	Flu-B	0.00	2	0.00	1390
roundaspike/tag/neb+rlb/2	HPIV-2	0.00	2	0.00	3978
roundaspike/tag/neb+rlb/2	HPIV-1	0.00	1	0.00	2726
roundaspike/tag/neb+rlb/2	HPIV-4	0.00	1	0.00	935
roundaspike/tag/neb+rlb/2	HRV-1A	0.00	1	0.00	1138
roundaspike/tag/neb+rlb/2	RSV-A	0.00	1	0.00	642
roundaspike/tag/neb+rlb/2	AdV-31	0.00	0	0.00	0
roundaspike/tag/neb+rlb/2	Flu-A-H1N1-NC	0.00	0	0.00	0
roundaspike/tag/neb+rlb/2	Flu-A-H1N1-NY	0.00	0	0.00	0
roundaspike/tag/neb+rlb/2	HCoV-229E	0.00	0	0.00	0
roundaspike/tag/neb+rlb/2	HMPV	0.00	0	0.00	0
roundaspike/tag/neb+rlb/2	SARS-CoV-2	0.00	0	0.00	0
roundaspike/tag/neb+rlb/3	unclassified	99.91	246276	99.79	53223701
roundaspike/tag/neb+rlb/3	Flu-A-H3N2	0.07	171	0.14	73277
roundaspike/tag/neb+rlb/3	HPIV-3	0.00	9	0.02	8878
roundaspike/tag/neb+rlb/3	AdV-3	0.00	8	0.01	6961
roundaspike/tag/neb+rlb/3	HPIV-2	0.00	8	0.01	6970
roundaspike/tag/neb+rlb/3	Flu-A-H1N1-NC	0.00	4	0.01	3135
roundaspike/tag/neb+rlb/3	Flu-B	0.00	4	0.00	1800
roundaspike/tag/neb+rlb/3	AdV-1	0.00	3	0.00	1298
roundaspike/tag/neb+rlb/3	RSV-A	0.00	3	0.01	3218
roundaspike/tag/neb+rlb/3	AdV-31	0.00	2	0.00	1839
roundaspike/tag/neb+rlb/3	HPIV-1	0.00	2	0.00	2408
roundaspike/tag/neb+rlb/3	HRV-1A	0.00	2	0.00	863
roundaspike/tag/neb+rlb/3	ambiguous	0.00	2	0.00	1482
roundaspike/tag/neb+rlb/3	Flu-A-H1N1-NY	0.00	1	0.00	872
roundaspike/tag/neb+rlb/3	HCoV-229E	0.00	0	0.00	0
roundaspike/tag/neb+rlb/3	HMPV	0.00	0	0.00	0
roundaspike/tag/neb+rlb/3	HPIV-4	0.00	0	0.00	0
roundaspike/tag/neb+rlb/3	SARS-CoV-2	0.00	0	0.00	0
roundaspike/tag/neb+rlb/neg	unclassified	99.52	2473364	99.13	991352919
roundaspike/tag/neb+rlb/neg	Flu-A-H3N2	0.48	11919	0.87	8711690
roundaspike/tag/neb+rlb/neg	HPIV-2	0.00	3	0.00	5714
roundaspike/tag/neb+rlb/neg	HPIV-1	0.00	2	0.00	2761
roundaspike/tag/neb+rlb/neg	HPIV-3	0.00	2	0.00	3078
roundaspike/tag/neb+rlb/neg	AdV-3	0.00	1	0.00	1252
roundaspike/tag/neb+rlb/neg	Flu-A-H1N1-NC	0.00	1	0.00	599
roundaspike/tag/neb+rlb/neg	Flu-B	0.00	1	0.00	782
roundaspike/tag/neb+rlb/neg	HMPV	0.00	1	0.00	745
roundaspike/tag/neb+rlb/neg	HPIV-4	0.00	1	0.00	357
roundaspike/tag/neb+rlb/neg	ambiguous	0.00	1	0.00	1382
roundaspike/tag/neb+rlb/neg	AdV-1	0.00	0	0.00	0
roundaspike/tag/neb+rlb/neg	AdV-31	0.00	0	0.00	0
roundaspike/tag/neb+rlb/neg	Flu-A-H1N1-NY	0.00	0	0.00	0
roundaspike/tag/neb+rlb/neg	HCoV-229E	0.00	0	0.00	0
roundaspike/tag/neb+rlb/neg	HRV-1A	0.00	0	0.00	0
roundaspike/tag/neb+rlb/neg	RSV-A	0.00	0	0.00	0
roundaspike/tag/neb+rlb/neg	SARS-CoV-2	0.00	0	0.00	0
smart9nspike/full/neb/1	unclassified	86.81	1278977	83.79	837958126
smart9nspike/full/neb/1	AdV-3	2.53	37255	2.94	29383003
smart9nspike/full/neb/1	HPIV-2	1.89	27878	2.51	25056963
smart9nspike/full/neb/1	AdV-1	1.61	23697	1.68	16775923
smart9nspike/full/neb/1	Flu-A-H1N1-NC	1.06	15567	1.26	12614707
smart9nspike/full/neb/1	HPIV-3	0.97	14304	1.40	13983857
smart9nspike/full/neb/1	ambiguous	0.87	12855	1.24	12382177
smart9nspike/full/neb/1	Flu-B	0.64	9455	0.63	6347532
smart9nspike/full/neb/1	RSV-A	0.53	7868	0.65	6489549
smart9nspike/full/neb/1	AdV-31	0.50	7433	0.51	5094408
smart9nspike/full/neb/1	HPIV-1	0.47	6959	0.73	7286602
smart9nspike/full/neb/1	HMPV	0.46	6844	0.60	6026446
smart9nspike/full/neb/1	Flu-A-H3N2	0.39	5709	0.49	4899764
smart9nspike/full/neb/1	HRV-1A	0.36	5368	0.45	4467425
smart9nspike/full/neb/1	Flu-A-H1N1-NY	0.35	5094	0.40	3993096
smart9nspike/full/neb/1	HCoV-229E	0.34	5082	0.44	4387320
smart9nspike/full/neb/1	HPIV-4	0.13	1978	0.19	1915994
smart9nspike/full/neb/1	SARS-CoV-2	0.07	965	0.10	1008425
smart9nspike/full/neb/2	unclassified	99.87	1979453	99.83	998580887
smart9nspike/full/neb/2	Flu-A-H3N2	0.12	2334	0.15	1544112
smart9nspike/full/neb/2	AdV-3	0.00	26	0.00	23290
smart9nspike/full/neb/2	HPIV-2	0.00	19	0.00	19381
smart9nspike/full/neb/2	Flu-A-H1N1-NC	0.00	17	0.00	17776
smart9nspike/full/neb/2	AdV-1	0.00	14	0.00	10409
smart9nspike/full/neb/2	HPIV-3	0.00	14	0.00	19737
smart9nspike/full/neb/2	ambiguous	0.00	11	0.00	11053
smart9nspike/full/neb/2	HPIV-1	0.00	9	0.00	12306
smart9nspike/full/neb/2	AdV-31	0.00	7	0.00	4799
smart9nspike/full/neb/2	Flu-A-H1N1-NY	0.00	7	0.00	5512
smart9nspike/full/neb/2	HCoV-229E	0.00	7	0.00	6178
smart9nspike/full/neb/2	RSV-A	0.00	7	0.00	5806
smart9nspike/full/neb/2	Flu-B	0.00	4	0.00	2102
smart9nspike/full/neb/2	HMPV	0.00	4	0.00	3135
smart9nspike/full/neb/2	HRV-1A	0.00	4	0.00	3976
smart9nspike/full/neb/2	HPIV-4	0.00	3	0.00	2414
smart9nspike/full/neb/2	SARS-CoV-2	0.00	0	0.00	0
smart9nspike/full/neb/3	unclassified	99.38	1203200	99.31	993107835
smart9nspike/full/neb/3	Flu-A-H3N2	0.12	1411	0.15	1481006
smart9nspike/full/neb/3	AdV-3	0.09	1094	0.09	948058
smart9nspike/full/neb/3	HPIV-2	0.08	994	0.09	934270
smart9nspike/full/neb/3	AdV-1	0.05	643	0.05	512217
smart9nspike/full/neb/3	HPIV-3	0.05	593	0.06	588792
smart9nspike/full/neb/3	Flu-A-H1N1-NC	0.05	572	0.05	508286
smart9nspike/full/neb/3	RSV-A	0.03	323	0.03	269946
smart9nspike/full/neb/3	Flu-B	0.03	303	0.02	225760
smart9nspike/full/neb/3	ambiguous	0.02	273	0.03	288056
smart9nspike/full/neb/3	HMPV	0.02	237	0.02	218299
smart9nspike/full/neb/3	HPIV-1	0.02	234	0.02	244036
smart9nspike/full/neb/3	Flu-A-H1N1-NY	0.02	208	0.02	190478
smart9nspike/full/neb/3	HRV-1A	0.02	202	0.02	164090
smart9nspike/full/neb/3	AdV-31	0.02	191	0.01	147518
smart9nspike/full/neb/3	HCoV-229E	0.01	119	0.01	104779
smart9nspike/full/neb/3	HPIV-4	0.01	90	0.01	79498
smart9nspike/full/neb/3	SARS-CoV-2	0.00	31	0.00	36391
smart9nspike/full/neb/neg	unclassified	98.75	1498	98.02	1061507
smart9nspike/full/neb/neg	AdV-3	0.26	4	0.57	6133
smart9nspike/full/neb/neg	Flu-A-H3N2	0.20	3	0.42	4600
smart9nspike/full/neb/neg	HCoV-229E	0.20	3	0.33	3568
smart9nspike/full/neb/neg	HPIV-3	0.20	3	0.25	2707
smart9nspike/full/neb/neg	AdV-1	0.13	2	0.14	1489
smart9nspike/full/neb/neg	HPIV-2	0.13	2	0.14	1532
smart9nspike/full/neb/neg	AdV-31	0.07	1	0.09	964
smart9nspike/full/neb/neg	Flu-A-H1N1-NC	0.07	1	0.04	439
smart9nspike/full/neb/neg	Flu-A-H1N1-NY	0.00	0	0.00	0
smart9nspike/full/neb/neg	Flu-B	0.00	0	0.00	0
smart9nspike/full/neb/neg	HMPV	0.00	0	0.00	0
smart9nspike/full/neb/neg	HPIV-1	0.00	0	0.00	0
smart9nspike/full/neb/neg	HPIV-4	0.00	0	0.00	0
smart9nspike/full/neb/neg	HRV-1A	0.00	0	0.00	0
smart9nspike/full/neb/neg	RSV-A	0.00	0	0.00	0
smart9nspike/full/neb/neg	SARS-CoV-2	0.00	0	0.00	0
smart9nspike/full/neb/neg	ambiguous	0.00	0	0.00	0
smart9nspike/tag/neb/1	unclassified	83.66	1132647	81.44	814572729
smart9nspike/tag/neb/1	AdV-3	3.10	41949	3.36	33637035
smart9nspike/tag/neb/1	HPIV-2	2.26	30540	2.62	26245191
smart9nspike/tag/neb/1	AdV-1	1.53	20670	1.61	16099228
smart9nspike/tag/neb/1	HPIV-3	1.46	19763	1.86	18587817
smart9nspike/tag/neb/1	Flu-A-H1N1-NC	1.44	19438	1.60	15960028
smart9nspike/tag/neb/1	ambiguous	1.11	15044	1.38	13841038
smart9nspike/tag/neb/1	Flu-B	0.80	10837	0.78	7805911
smart9nspike/tag/neb/1	RSV-A	0.74	10009	0.83	8271569
smart9nspike/tag/neb/1	Flu-A-H3N2	0.63	8588	0.73	7331809
smart9nspike/tag/neb/1	HMPV	0.63	8540	0.75	7532141
smart9nspike/tag/neb/1	HPIV-1	0.59	7952	0.78	7758161
smart9nspike/tag/neb/1	AdV-31	0.55	7399	0.52	5171065
smart9nspike/tag/neb/1	Flu-A-H1N1-NY	0.43	5824	0.48	4768336
smart9nspike/tag/neb/1	HCoV-229E	0.43	5761	0.51	5052381
smart9nspike/tag/neb/1	HRV-1A	0.39	5278	0.42	4246449
smart9nspike/tag/neb/1	HPIV-4	0.21	2867	0.26	2627352
smart9nspike/tag/neb/1	SARS-CoV-2	0.05	729	0.06	645214
smart9nspike/tag/neb/2	unclassified	99.88	2013740	99.84	998824620
smart9nspike/tag/neb/2	Flu-A-H3N2	0.12	2345	0.15	1514072
smart9nspike/tag/neb/2	AdV-3	0.00	30	0.00	24221
smart9nspike/tag/neb/2	Flu-A-H1N1-NC	0.00	20	0.00	17517
smart9nspike/tag/neb/2	HPIV-3	0.00	17	0.00	17242
smart9nspike/tag/neb/2	HPIV-2	0.00	16	0.00	16081
smart9nspike/tag/neb/2	AdV-1	0.00	12	0.00	10890
smart9nspike/tag/neb/2	Flu-B	0.00	10	0.00	7059
smart9nspike/tag/neb/2	HPIV-1	0.00	8	0.00	9999
smart9nspike/tag/neb/2	AdV-31	0.00	6	0.00	3996
smart9nspike/tag/neb/2	RSV-A	0.00	6	0.00	5251
smart9nspike/tag/neb/2	ambiguous	0.00	5	0.00	5961
smart9nspike/tag/neb/2	Flu-A-H1N1-NY	0.00	4	0.00	6991
smart9nspike/tag/neb/2	HMPV	0.00	3	0.00	1936
smart9nspike/tag/neb/2	HPIV-4	0.00	3	0.00	1724
smart9nspike/tag/neb/2	HRV-1A	0.00	2	0.00	1188
smart9nspike/tag/neb/2	HCoV-229E	0.00	1	0.00	843
smart9nspike/tag/neb/2	SARS-CoV-2	0.00	0	0.00	0
smart9nspike/tag/neb/3	unclassified	99.41	1270236	99.32	993297032
smart9nspike/tag/neb/3	Flu-A-H3N2	0.09	1157	0.14	1377677
smart9nspike/tag/neb/3	AdV-3	0.09	1129	0.09	903801
smart9nspike/tag/neb/3	HPIV-2	0.08	978	0.09	880900
smart9nspike/tag/neb/3	HPIV-3	0.05	642	0.06	610650
smart9nspike/tag/neb/3	Flu-A-H1N1-NC	0.05	613	0.05	533363
smart9nspike/tag/neb/3	AdV-1	0.04	569	0.04	425947
smart9nspike/tag/neb/3	RSV-A	0.03	425	0.03	332994
smart9nspike/tag/neb/3	ambiguous	0.02	293	0.03	319637
smart9nspike/tag/neb/3	HPIV-1	0.02	282	0.03	259278
smart9nspike/tag/neb/3	Flu-B	0.02	268	0.02	207361
smart9nspike/tag/neb/3	HMPV	0.02	240	0.02	207094
smart9nspike/tag/neb/3	Flu-A-H1N1-NY	0.02	221	0.02	198691
smart9nspike/tag/neb/3	AdV-31	0.02	218	0.01	149752
smart9nspike/tag/neb/3	HRV-1A	0.02	203	0.02	180343
smart9nspike/tag/neb/3	HCoV-229E	0.01	180	0.02	162287
smart9nspike/tag/neb/3	HPIV-4	0.01	86	0.01	75898
smart9nspike/tag/neb/3	SARS-CoV-2	0.00	10	0.00	7425
smart9nspike/tag/neb/neg	unclassified	99.11	1454	98.57	978300
smart9nspike/tag/neb/neg	AdV-1	0.20	3	0.33	3239
smart9nspike/tag/neb/neg	HPIV-3	0.14	2	0.26	2588
smart9nspike/tag/neb/neg	AdV-3	0.07	1	0.07	728
smart9nspike/tag/neb/neg	AdV-31	0.07	1	0.08	828
smart9nspike/tag/neb/neg	Flu-A-H1N1-NC	0.07	1	0.06	586
smart9nspike/tag/neb/neg	Flu-A-H1N1-NY	0.07	1	0.07	716
smart9nspike/tag/neb/neg	Flu-A-H3N2	0.07	1	0.11	1097
smart9nspike/tag/neb/neg	HMPV	0.07	1	0.16	1566
smart9nspike/tag/neb/neg	HPIV-1	0.07	1	0.14	1393
smart9nspike/tag/neb/neg	SARS-CoV-2	0.07	1	0.14	1420
smart9nspike/tag/neb/neg	Flu-B	0.00	0	0.00	0
smart9nspike/tag/neb/neg	HCoV-229E	0.00	0	0.00	0
smart9nspike/tag/neb/neg	HPIV-2	0.00	0	0.00	0
smart9nspike/tag/neb/neg	HPIV-4	0.00	0	0.00	0
smart9nspike/tag/neb/neg	HRV-1A	0.00	0	0.00	0
smart9nspike/tag/neb/neg	RSV-A	0.00	0	0.00	0
smart9nspike/tag/neb/neg	ambiguous	0.00	0	0.00	0
smart9nspike/tag/rlb/1	unclassified	99.98	224298	99.95	49937610
smart9nspike/tag/rlb/1	Flu-A-H3N2	0.01	12	0.01	5410
smart9nspike/tag/rlb/1	AdV-1	0.00	4	0.00	2026
smart9nspike/tag/rlb/1	AdV-3	0.00	4	0.00	2247
smart9nspike/tag/rlb/1	HPIV-2	0.00	4	0.01	2869
smart9nspike/tag/rlb/1	HPIV-3	0.00	4	0.01	6255
smart9nspike/tag/rlb/1	Flu-A-H1N1-NC	0.00	3	0.00	2350
smart9nspike/tag/rlb/1	Flu-A-H1N1-NY	0.00	1	0.00	883
smart9nspike/tag/rlb/1	Flu-B	0.00	1	0.00	457
smart9nspike/tag/rlb/1	HPIV-1	0.00	1	0.00	812
smart9nspike/tag/rlb/1	HRV-1A	0.00	1	0.00	1679
smart9nspike/tag/rlb/1	RSV-A	0.00	1	0.00	538
smart9nspike/tag/rlb/1	SARS-CoV-2	0.00	1	0.00	1862
smart9nspike/tag/rlb/1	AdV-31	0.00	0	0.00	0
smart9nspike/tag/rlb/1	HCoV-229E	0.00	0	0.00	0
smart9nspike/tag/rlb/1	HMPV	0.00	0	0.00	0
smart9nspike/tag/rlb/1	HPIV-4	0.00	0	0.00	0
smart9nspike/tag/rlb/1	ambiguous	0.00	0	0.00	0
smart9nspike/tag/rlb/2	unclassified	99.99	2217557	99.98	999890566
smart9nspike/tag/rlb/2	Flu-A-H3N2	0.01	206	0.01	109792
smart9nspike/tag/rlb/2	AdV-1	0.00	18	0.00	17573
smart9nspike/tag/rlb/2	HPIV-3	0.00	6	0.00	14438
smart9nspike/tag/rlb/2	HPIV-2	0.00	4	0.00	8269
smart9nspike/tag/rlb/2	Flu-A-H1N1-NC	0.00	3	0.00	2187
smart9nspike/tag/rlb/2	ambiguous	0.00	3	0.00	4632
smart9nspike/tag/rlb/2	AdV-31	0.00	2	0.00	2507
smart9nspike/tag/rlb/2	HMPV	0.00	2	0.00	6717
smart9nspike/tag/rlb/2	HPIV-4	0.00	2	0.00	1293
smart9nspike/tag/rlb/2	HRV-1A	0.00	2	0.00	2547
smart9nspike/tag/rlb/2	AdV-3	0.00	1	0.00	1156
smart9nspike/tag/rlb/2	Flu-A-H1N1-NY	0.00	1	0.00	1700
smart9nspike/tag/rlb/2	Flu-B	0.00	1	0.00	1402
smart9nspike/tag/rlb/2	HCoV-229E	0.00	1	0.00	1522
smart9nspike/tag/rlb/2	SARS-CoV-2	0.00	1	0.00	2979
smart9nspike/tag/rlb/2	HPIV-1	0.00	0	0.00	0
smart9nspike/tag/rlb/2	RSV-A	0.00	0	0.00	0
smart9nspike/tag/rlb/3	unclassified	99.98	165065	99.93	39538188
smart9nspike/tag/rlb/3	Flu-A-H3N2	0.00	8	0.01	4996
smart9nspike/tag/rlb/3	HPIV-2	0.00	5	0.01	5062
smart9nspike/tag/rlb/3	Flu-A-H1N1-NC	0.00	4	0.01	3294
smart9nspike/tag/rlb/3	AdV-1	0.00	3	0.00	1386
smart9nspike/tag/rlb/3	AdV-3	0.00	3	0.01	2129
smart9nspike/tag/rlb/3	Flu-B	0.00	3	0.00	1877
smart9nspike/tag/rlb/3	HPIV-3	0.00	3	0.01	2041
smart9nspike/tag/rlb/3	AdV-31	0.00	2	0.00	1451
smart9nspike/tag/rlb/3	Flu-A-H1N1-NY	0.00	1	0.00	1401
smart9nspike/tag/rlb/3	HMPV	0.00	1	0.00	346
smart9nspike/tag/rlb/3	HRV-1A	0.00	1	0.00	1928
smart9nspike/tag/rlb/3	RSV-A	0.00	1	0.00	1333
smart9nspike/tag/rlb/3	SARS-CoV-2	0.00	1	0.00	1682
smart9nspike/tag/rlb/3	HCoV-229E	0.00	0	0.00	0
smart9nspike/tag/rlb/3	HPIV-1	0.00	0	0.00	0
smart9nspike/tag/rlb/3	HPIV-4	0.00	0	0.00	0
smart9nspike/tag/rlb/3	ambiguous	0.00	0	0.00	0
smart9nspike/tag/rlb/neg	unclassified	99.25	1315	98.96	928345
smart9nspike/tag/rlb/neg	Flu-A-H3N2	0.23	3	0.30	2828
smart9nspike/tag/rlb/neg	RSV-A	0.15	2	0.24	2258
smart9nspike/tag/rlb/neg	AdV-1	0.08	1	0.14	1357
smart9nspike/tag/rlb/neg	AdV-3	0.08	1	0.10	982
smart9nspike/tag/rlb/neg	Flu-A-H1N1-NC	0.08	1	0.02	194
smart9nspike/tag/rlb/neg	HPIV-2	0.08	1	0.07	694
smart9nspike/tag/rlb/neg	ambiguous	0.08	1	0.15	1411
smart9nspike/tag/rlb/neg	AdV-31	0.00	0	0.00	0
smart9nspike/tag/rlb/neg	Flu-A-H1N1-NY	0.00	0	0.00	0
smart9nspike/tag/rlb/neg	Flu-B	0.00	0	0.00	0
smart9nspike/tag/rlb/neg	HCoV-229E	0.00	0	0.00	0
smart9nspike/tag/rlb/neg	HMPV	0.00	0	0.00	0
smart9nspike/tag/rlb/neg	HPIV-1	0.00	0	0.00	0
smart9nspike/tag/rlb/neg	HPIV-3	0.00	0	0.00	0
smart9nspike/tag/rlb/neg	HPIV-4	0.00	0	0.00	0
smart9nspike/tag/rlb/neg	HRV-1A	0.00	0	0.00	0
smart9nspike/tag/rlb/neg	SARS-CoV-2	0.00	0	0.00	0
smart9nspike/tag/neb+rlb/1	unclassified	99.92	609702	99.84	127753212
smart9nspike/tag/neb+rlb/1	Flu-A-H3N2	0.05	327	0.07	89568
smart9nspike/tag/neb+rlb/1	HPIV-2	0.01	38	0.02	27218
smart9nspike/tag/neb+rlb/1	AdV-3	0.01	37	0.02	19838
smart9nspike/tag/neb+rlb/1	AdV-1	0.00	22	0.01	11342
smart9nspike/tag/neb+rlb/1	HPIV-3	0.00	15	0.01	11113
smart9nspike/tag/neb+rlb/1	Flu-B	0.00	14	0.00	5216
smart9nspike/tag/neb+rlb/1	Flu-A-H1N1-NC	0.00	12	0.01	7804
smart9nspike/tag/neb+rlb/1	RSV-A	0.00	11	0.01	7595
smart9nspike/tag/neb+rlb/1	HRV-1A	0.00	8	0.00	3186
smart9nspike/tag/neb+rlb/1	ambiguous	0.00	6	0.00	4253
smart9nspike/tag/neb+rlb/1	HPIV-1	0.00	5	0.00	5053
smart9nspike/tag/neb+rlb/1	AdV-31	0.00	3	0.00	1964
smart9nspike/tag/neb+rlb/1	Flu-A-H1N1-NY	0.00	3	0.00	1934
smart9nspike/tag/neb+rlb/1	HPIV-4	0.00	3	0.00	3521
smart9nspike/tag/neb+rlb/1	HCoV-229E	0.00	2	0.00	685
smart9nspike/tag/neb+rlb/1	HMPV	0.00	2	0.00	2175
smart9nspike/tag/neb+rlb/1	SARS-CoV-2	0.00	2	0.00	2186
smart9nspike/tag/neb+rlb/2	unclassified	99.93	2629783	99.90	999210131
smart9nspike/tag/neb+rlb/2	Flu-A-H3N2	0.07	1826	0.10	953774
smart9nspike/tag/neb+rlb/2	AdV-3	0.00	8	0.00	6531
smart9nspike/tag/neb+rlb/2	RSV-A	0.00	7	0.00	15221
smart9nspike/tag/neb+rlb/2	Flu-A-H1N1-NC	0.00	6	0.00	5906
smart9nspike/tag/neb+rlb/2	Flu-A-H1N1-NY	0.00	4	0.00	4577
smart9nspike/tag/neb+rlb/2	HPIV-2	0.00	4	0.00	4762
smart9nspike/tag/neb+rlb/2	AdV-1	0.00	3	0.00	2786
smart9nspike/tag/neb+rlb/2	Flu-B	0.00	3	0.00	2735
smart9nspike/tag/neb+rlb/2	HCoV-229E	0.00	3	0.00	2138
smart9nspike/tag/neb+rlb/2	HPIV-1	0.00	3	0.00	5359
smart9nspike/tag/neb+rlb/2	HPIV-3	0.00	3	0.00	4874
smart9nspike/tag/neb+rlb/2	HPIV-4	0.00	3	0.00	4846
smart9nspike/tag/neb+rlb/2	HMPV	0.00	2	0.00	4153
smart9nspike/tag/neb+rlb/2	ambiguous	0.00	2	0.00	3126
smart9nspike/tag/neb+rlb/2	AdV-31	0.00	1	0.00	1134
smart9nspike/tag/neb+rlb/2	HRV-1A	0.00	1	0.00	963
smart9nspike/tag/neb+rlb/2	SARS-CoV-2	0.00	0	0.00	0
smart9nspike/tag/neb+rlb/3	unclassified	99.92	1098563	99.84	274494831
smart9nspike/tag/neb+rlb/3	Flu-A-H3N2	0.04	428	0.06	166029
smart9nspike/tag/neb+rlb/3	AdV-1	0.01	81	0.01	36120
smart9nspike/tag/neb+rlb/3	HPIV-2	0.01	78	0.02	51327
smart9nspike/tag/neb+rlb/3	AdV-3	0.01	75	0.02	41426
smart9nspike/tag/neb+rlb/3	Flu-B	0.00	42	0.01	19107
smart9nspike/tag/neb+rlb/3	HPIV-3	0.00	42	0.01	27258
smart9nspike/tag/neb+rlb/3	Flu-A-H1N1-NC	0.00	38	0.01	23854
smart9nspike/tag/neb+rlb/3	RSV-A	0.00	35	0.01	21035
smart9nspike/tag/neb+rlb/3	Flu-A-H1N1-NY	0.00	20	0.00	9241
smart9nspike/tag/neb+rlb/3	AdV-31	0.00	18	0.00	11552
smart9nspike/tag/neb+rlb/3	HPIV-1	0.00	15	0.00	13324
smart9nspike/tag/neb+rlb/3	HMPV	0.00	14	0.00	9116
smart9nspike/tag/neb+rlb/3	HRV-1A	0.00	14	0.00	8946
smart9nspike/tag/neb+rlb/3	ambiguous	0.00	7	0.00	6763
smart9nspike/tag/neb+rlb/3	HCoV-229E	0.00	4	0.00	2979
smart9nspike/tag/neb+rlb/3	HPIV-4	0.00	2	0.00	1308
smart9nspike/tag/neb+rlb/3	SARS-CoV-2	0.00	1	0.00	1756
smart9nspike/tag/neb+rlb/neg	unclassified	98.38	1213	97.25	886165
smart9nspike/tag/neb+rlb/neg	HPIV-2	0.32	4	1.19	10854
smart9nspike/tag/neb+rlb/neg	Flu-A-H1N1-NC	0.24	3	0.22	2015
smart9nspike/tag/neb+rlb/neg	Flu-A-H3N2	0.24	3	0.27	2430
smart9nspike/tag/neb+rlb/neg	AdV-3	0.16	2	0.27	2499
smart9nspike/tag/neb+rlb/neg	HPIV-3	0.16	2	0.22	1963
smart9nspike/tag/neb+rlb/neg	RSV-A	0.16	2	0.14	1321
smart9nspike/tag/neb+rlb/neg	Flu-B	0.08	1	0.06	581
smart9nspike/tag/neb+rlb/neg	HCoV-229E	0.08	1	0.06	582
smart9nspike/tag/neb+rlb/neg	HMPV	0.08	1	0.17	1525
smart9nspike/tag/neb+rlb/neg	HPIV-4	0.08	1	0.14	1246
smart9nspike/tag/neb+rlb/neg	AdV-1	0.00	0	0.00	0
smart9nspike/tag/neb+rlb/neg	AdV-31	0.00	0	0.00	0
smart9nspike/tag/neb+rlb/neg	Flu-A-H1N1-NY	0.00	0	0.00	0
smart9nspike/tag/neb+rlb/neg	HPIV-1	0.00	0	0.00	0
smart9nspike/tag/neb+rlb/neg	HRV-1A	0.00	0	0.00	0
smart9nspike/tag/neb+rlb/neg	SARS-CoV-2	0.00	0	0.00	0
smart9nspike/tag/neb+rlb/neg	ambiguous	0.00	0	0.00	0
roundacleanup/tag/neb/1/clean	unclassified	99.96	1254953	99.89	117904504
roundacleanup/tag/neb/1/clean	Flu-A-H3N2	0.04	471	0.09	112052
roundacleanup/tag/neb/1/clean	AdV-3	0.00	8	0.00	4966
roundacleanup/tag/neb/1/clean	HPIV-3	0.00	5	0.00	5007
roundacleanup/tag/neb/1/clean	Flu-A-H1N1-NY	0.00	4	0.00	2444
roundacleanup/tag/neb/1/clean	Flu-A-H1N1-NC	0.00	3	0.00	2704
roundacleanup/tag/neb/1/clean	AdV-1	0.00	2	0.00	938
roundacleanup/tag/neb/1/clean	AdV-31	0.00	2	0.00	1294
roundacleanup/tag/neb/1/clean	Flu-B	0.00	2	0.00	814
roundacleanup/tag/neb/1/clean	SARS-CoV-2	0.00	2	0.00	239
roundacleanup/tag/neb/1/clean	HPIV-1	0.00	1	0.00	1933
roundacleanup/tag/neb/1/clean	HPIV-2	0.00	1	0.00	1080
roundacleanup/tag/neb/1/clean	HRV-1A	0.00	1	0.00	1137
roundacleanup/tag/neb/1/clean	HCoV-229E	0.00	0	0.00	0
roundacleanup/tag/neb/1/clean	HMPV	0.00	0	0.00	0
roundacleanup/tag/neb/1/clean	HPIV-4	0.00	0	0.00	0
roundacleanup/tag/neb/1/clean	RSV-A	0.00	0	0.00	0
roundacleanup/tag/neb/1/clean	ambiguous	0.00	0	0.00	0
roundacleanup/tag/neb/2/clean	unclassified	99.95	1480578	99.88	137569197
roundacleanup/tag/neb/2/clean	Flu-A-H3N2	0.04	598	0.09	126912
roundacleanup/tag/neb/2/clean	AdV-1	0.00	25	0.01	7177
roundacleanup/tag/neb/2/clean	AdV-3	0.00	21	0.01	14816
roundacleanup/tag/neb/2/clean	Flu-A-H1N1-NY	0.00	5	0.00	1661
roundacleanup/tag/neb/2/clean	HPIV-3	0.00	5	0.00	3631
roundacleanup/tag/neb/2/clean	Flu-A-H1N1-NC	0.00	3	0.00	1779
roundacleanup/tag/neb/2/clean	Flu-B	0.00	3	0.00	1154
roundacleanup/tag/neb/2/clean	HMPV	0.00	3	0.00	2707
roundacleanup/tag/neb/2/clean	HPIV-2	0.00	3	0.00	4374
roundacleanup/tag/neb/2/clean	HCoV-229E	0.00	1	0.00	1237
roundacleanup/tag/neb/2/clean	HPIV-4	0.00	1	0.00	859
roundacleanup/tag/neb/2/clean	RSV-A	0.00	1	0.00	538
roundacleanup/tag/neb/2/clean	ambiguous	0.00	1	0.00	2224
roundacleanup/tag/neb/2/clean	AdV-31	0.00	0	0.00	0
roundacleanup/tag/neb/2/clean	HPIV-1	0.00	0	0.00	0
roundacleanup/tag/neb/2/clean	HRV-1A	0.00	0	0.00	0
roundacleanup/tag/neb/2/clean	SARS-CoV-2	0.00	0	0.00	0
roundacleanup/tag/neb/3/clean	unclassified	99.96	819502	99.87	78039637
roundacleanup/tag/neb/3/clean	Flu-A-H3N2	0.04	325	0.09	72120
roundacleanup/tag/neb/3/clean	AdV-3	0.00	11	0.01	6916
roundacleanup/tag/neb/3/clean	HPIV-3	0.00	5	0.01	10435
roundacleanup/tag/neb/3/clean	HPIV-2	0.00	3	0.00	2140
roundacleanup/tag/neb/3/clean	AdV-1	0.00	2	0.00	2655
roundacleanup/tag/neb/3/clean	Flu-A-H1N1-NY	0.00	2	0.00	446
roundacleanup/tag/neb/3/clean	HRV-1A	0.00	2	0.00	2192
roundacleanup/tag/neb/3/clean	Flu-B	0.00	1	0.00	185
roundacleanup/tag/neb/3/clean	HCoV-229E	0.00	1	0.00	196
roundacleanup/tag/neb/3/clean	HMPV	0.00	1	0.00	627
roundacleanup/tag/neb/3/clean	HPIV-1	0.00	1	0.00	459
roundacleanup/tag/neb/3/clean	HPIV-4	0.00	1	0.00	223
roundacleanup/tag/neb/3/clean	AdV-31	0.00	0	0.00	0
roundacleanup/tag/neb/3/clean	Flu-A-H1N1-NC	0.00	0	0.00	0
roundacleanup/tag/neb/3/clean	RSV-A	0.00	0	0.00	0
roundacleanup/tag/neb/3/clean	SARS-CoV-2	0.00	0	0.00	0
roundacleanup/tag/neb/3/clean	ambiguous	0.00	0	0.00	0
roundacleanup/tag/neb/1	unclassified	97.61	4040179	94.54	476521918
roundacleanup/tag/neb/1	Flu-B	0.62	25631	1.06	5343103
roundacleanup/tag/neb/1	AdV-3	0.47	19487	1.34	6772342
roundacleanup/tag/neb/1	AdV-1	0.33	13737	0.85	4285475
roundacleanup/tag/neb/1	Flu-A-H3N2	0.21	8735	0.39	1973457
roundacleanup/tag/neb/1	RSV-A	0.20	8100	0.39	1953945
roundacleanup/tag/neb/1	AdV-31	0.12	5001	0.23	1175690
roundacleanup/tag/neb/1	HPIV-3	0.11	4594	0.27	1385335
roundacleanup/tag/neb/1	Flu-A-H1N1-NY	0.10	4042	0.24	1219356
roundacleanup/tag/neb/1	ambiguous	0.08	3489	0.21	1078760
roundacleanup/tag/neb/1	HPIV-2	0.08	3453	0.17	873393
roundacleanup/tag/neb/1	HRV-1A	0.02	799	0.09	440319
roundacleanup/tag/neb/1	HPIV-4	0.01	510	0.02	76576
roundacleanup/tag/neb/1	Flu-A-H1N1-NC	0.01	473	0.05	273367
roundacleanup/tag/neb/1	HMPV	0.01	467	0.06	311206
roundacleanup/tag/neb/1	HPIV-1	0.01	344	0.05	227471
roundacleanup/tag/neb/1	HCoV-229E	0.00	167	0.02	82669
roundacleanup/tag/neb/1	SARS-CoV-2	0.00	48	0.01	32472
roundacleanup/tag/neb/2	unclassified	98.12	7447266	95.37	953874624
roundacleanup/tag/neb/2	Flu-B	0.59	44785	1.07	10723146
roundacleanup/tag/neb/2	AdV-1	0.39	29557	0.86	8627723
roundacleanup/tag/neb/2	Flu-A-H3N2	0.21	16212	0.51	5072620
roundacleanup/tag/neb/2	AdV-3	0.19	14478	0.58	5793835
roundacleanup/tag/neb/2	HMPV	0.13	9994	0.24	2351222
roundacleanup/tag/neb/2	ambiguous	0.11	8179	0.28	2784181
roundacleanup/tag/neb/2	HPIV-3	0.07	5528	0.30	3034320
roundacleanup/tag/neb/2	AdV-31	0.04	3132	0.16	1570320
roundacleanup/tag/neb/2	Flu-A-H1N1-NC	0.03	2321	0.14	1353066
roundacleanup/tag/neb/2	HCoV-229E	0.03	1923	0.06	606846
roundacleanup/tag/neb/2	Flu-A-H1N1-NY	0.02	1830	0.13	1253772
roundacleanup/tag/neb/2	HRV-1A	0.02	1792	0.09	917768
roundacleanup/tag/neb/2	HPIV-2	0.02	1606	0.11	1111131
roundacleanup/tag/neb/2	HPIV-1	0.01	945	0.07	696692
roundacleanup/tag/neb/2	RSV-A	0.00	333	0.02	185591
roundacleanup/tag/neb/2	HPIV-4	0.00	241	0.01	124666
roundacleanup/tag/neb/2	SARS-CoV-2	0.00	110	0.01	117868
roundacleanup/tag/neb/3	unclassified	98.94	8176868	97.18	971980002
roundacleanup/tag/neb/3	AdV-3	0.35	28942	1.03	10306415
roundacleanup/tag/neb/3	Flu-B	0.25	20965	0.42	4228610
roundacleanup/tag/neb/3	Flu-A-H3N2	0.15	12478	0.35	3500056
roundacleanup/tag/neb/3	AdV-1	0.10	8118	0.24	2432201
roundacleanup/tag/neb/3	HCoV-229E	0.09	7156	0.17	1659440
roundacleanup/tag/neb/3	HPIV-3	0.02	1368	0.09	934233
roundacleanup/tag/neb/3	Flu-A-H1N1-NC	0.02	1308	0.06	622073
roundacleanup/tag/neb/3	HPIV-1	0.02	1269	0.11	1088617
roundacleanup/tag/neb/3	Flu-A-H1N1-NY	0.01	1020	0.06	614827
roundacleanup/tag/neb/3	SARS-CoV-2	0.01	849	0.04	413520
roundacleanup/tag/neb/3	RSV-A	0.01	838	0.04	376184
roundacleanup/tag/neb/3	HMPV	0.01	825	0.04	447226
roundacleanup/tag/neb/3	HPIV-2	0.01	788	0.03	311503
roundacleanup/tag/neb/3	HRV-1A	0.01	656	0.04	402905
roundacleanup/tag/neb/3	ambiguous	0.01	560	0.06	566369
roundacleanup/tag/neb/3	AdV-31	0.01	456	0.02	219544
roundacleanup/tag/neb/3	HPIV-4	0.00	80	0.01	95444
roundacleanup/tag/neb/neg	unclassified	99.88	18429	97.44	1356819
roundacleanup/tag/neb/neg	AdV-3	0.05	9	0.56	7751
roundacleanup/tag/neb/neg	HPIV-3	0.03	6	1.17	16361
roundacleanup/tag/neb/neg	Flu-A-H1N1-NC	0.01	2	0.11	1544
roundacleanup/tag/neb/neg	Flu-A-H1N1-NY	0.01	1	0.10	1398
roundacleanup/tag/neb/neg	HCoV-229E	0.01	1	0.02	309
roundacleanup/tag/neb/neg	HMPV	0.01	1	0.08	1163
roundacleanup/tag/neb/neg	HPIV-4	0.01	1	0.37	5094
roundacleanup/tag/neb/neg	HRV-1A	0.01	1	0.08	1115
roundacleanup/tag/neb/neg	SARS-CoV-2	0.01	1	0.07	977
roundacleanup/tag/neb/neg	AdV-1	0.00	0	0.00	0
roundacleanup/tag/neb/neg	AdV-31	0.00	0	0.00	0
roundacleanup/tag/neb/neg	Flu-A-H3N2	0.00	0	0.00	0
roundacleanup/tag/neb/neg	Flu-B	0.00	0	0.00	0
roundacleanup/tag/neb/neg	HPIV-1	0.00	0	0.00	0
roundacleanup/tag/neb/neg	HPIV-2	0.00	0	0.00	0
roundacleanup/tag/neb/neg	RSV-A	0.00	0	0.00	0
roundacleanup/tag/neb/neg	ambiguous	0.00	0	0.00	0
roundacleanup/tag/rlb/1/clean	unclassified	99.93	63380	99.32	4819702
roundacleanup/tag/rlb/1/clean	AdV-3	0.01	9	0.13	6178
roundacleanup/tag/rlb/1/clean	Flu-A-H3N2	0.01	5	0.05	2412
roundacleanup/tag/rlb/1/clean	HPIV-2	0.01	5	0.10	4678
roundacleanup/tag/rlb/1/clean	HPIV-3	0.01	4	0.08	3881
roundacleanup/tag/rlb/1/clean	AdV-1	0.00	3	0.03	1381
roundacleanup/tag/rlb/1/clean	Flu-A-H1N1-NC	0.00	3	0.04	1968
roundacleanup/tag/rlb/1/clean	SARS-CoV-2	0.00	3	0.06	2885
roundacleanup/tag/rlb/1/clean	HMPV	0.00	2	0.04	2085
roundacleanup/tag/rlb/1/clean	HRV-1A	0.00	2	0.05	2234
roundacleanup/tag/rlb/1/clean	RSV-A	0.00	2	0.03	1315
roundacleanup/tag/rlb/1/clean	AdV-31	0.00	1	0.02	966
roundacleanup/tag/rlb/1/clean	Flu-A-H1N1-NY	0.00	1	0.02	748
roundacleanup/tag/rlb/1/clean	HCoV-229E	0.00	1	0.02	1037
roundacleanup/tag/rlb/1/clean	HPIV-1	0.00	1	0.01	466
roundacleanup/tag/rlb/1/clean	ambiguous	0.00	1	0.02	856
roundacleanup/tag/rlb/1/clean	Flu-B	0.00	0	0.00	0
roundacleanup/tag/rlb/1/clean	HPIV-4	0.00	0	0.00	0
roundacleanup/tag/rlb/2/clean	unclassified	99.91	30047	98.69	2145657
roundacleanup/tag/rlb/2/clean	AdV-3	0.02	7	0.36	7796
roundacleanup/tag/rlb/2/clean	Flu-A-H3N2	0.02	5	0.23	5049
roundacleanup/tag/rlb/2/clean	HPIV-2	0.01	3	0.11	2478
roundacleanup/tag/rlb/2/clean	ambiguous	0.01	3	0.15	3318
roundacleanup/tag/rlb/2/clean	Flu-A-H1N1-NY	0.01	2	0.08	1783
roundacleanup/tag/rlb/2/clean	Flu-B	0.01	2	0.03	567
roundacleanup/tag/rlb/2/clean	HRV-1A	0.01	2	0.11	2499
roundacleanup/tag/rlb/2/clean	AdV-1	0.00	1	0.07	1578
roundacleanup/tag/rlb/2/clean	Flu-A-H1N1-NC	0.00	1	0.01	194
roundacleanup/tag/rlb/2/clean	HCoV-229E	0.00	1	0.03	617
roundacleanup/tag/rlb/2/clean	SARS-CoV-2	0.00	1	0.12	2627
roundacleanup/tag/rlb/2/clean	AdV-31	0.00	0	0.00	0
roundacleanup/tag/rlb/2/clean	HMPV	0.00	0	0.00	0
roundacleanup/tag/rlb/2/clean	HPIV-1	0.00	0	0.00	0
roundacleanup/tag/rlb/2/clean	HPIV-3	0.00	0	0.00	0
roundacleanup/tag/rlb/2/clean	HPIV-4	0.00	0	0.00	0
roundacleanup/tag/rlb/2/clean	RSV-A	0.00	0	0.00	0
roundacleanup/tag/rlb/3/clean	unclassified	99.96	124421	99.62	9716492
roundacleanup/tag/rlb/3/clean	AdV-3	0.01	11	0.08	7961
roundacleanup/tag/rlb/3/clean	HPIV-3	0.01	11	0.12	11957
roundacleanup/tag/rlb/3/clean	Flu-A-H1N1-NY	0.00	4	0.03	2841
roundacleanup/tag/rlb/3/clean	HCoV-229E	0.00	4	0.03	2554
roundacleanup/tag/rlb/3/clean	Flu-A-H3N2	0.00	3	0.03	2601
roundacleanup/tag/rlb/3/clean	HPIV-1	0.00	3	0.02	2216
roundacleanup/tag/rlb/3/clean	AdV-1	0.00	2	0.01	917
roundacleanup/tag/rlb/3/clean	AdV-31	0.00	2	0.01	1089
roundacleanup/tag/rlb/3/clean	HMPV	0.00	2	0.02	1610
roundacleanup/tag/rlb/3/clean	HPIV-2	0.00	2	0.02	1533
roundacleanup/tag/rlb/3/clean	Flu-A-H1N1-NC	0.00	1	0.01	598
roundacleanup/tag/rlb/3/clean	HRV-1A	0.00	1	0.01	690
roundacleanup/tag/rlb/3/clean	SARS-CoV-2	0.00	1	0.01	652
roundacleanup/tag/rlb/3/clean	ambiguous	0.00	1	0.00	276
roundacleanup/tag/rlb/3/clean	Flu-B	0.00	0	0.00	0
roundacleanup/tag/rlb/3/clean	HPIV-4	0.00	0	0.00	0
roundacleanup/tag/rlb/3/clean	RSV-A	0.00	0	0.00	0
roundacleanup/tag/rlb/1	unclassified	99.95	78275	99.25	6089738
roundacleanup/tag/rlb/1	AdV-3	0.01	8	0.13	7783
roundacleanup/tag/rlb/1	HPIV-3	0.01	6	0.23	14209
roundacleanup/tag/rlb/1	Flu-A-H3N2	0.01	4	0.02	1064
roundacleanup/tag/rlb/1	HPIV-1	0.01	4	0.06	3442
roundacleanup/tag/rlb/1	AdV-1	0.00	3	0.03	1554
roundacleanup/tag/rlb/1	HMPV	0.00	3	0.08	5204
roundacleanup/tag/rlb/1	Flu-A-H1N1-NY	0.00	2	0.05	2823
roundacleanup/tag/rlb/1	HPIV-2	0.00	2	0.03	1541
roundacleanup/tag/rlb/1	HRV-1A	0.00	2	0.03	1833
roundacleanup/tag/rlb/1	SARS-CoV-2	0.00	2	0.02	971
roundacleanup/tag/rlb/1	ambiguous	0.00	2	0.07	4122
roundacleanup/tag/rlb/1	AdV-31	0.00	1	0.02	1202
roundacleanup/tag/rlb/1	Flu-A-H1N1-NC	0.00	1	0.01	414
roundacleanup/tag/rlb/1	Flu-B	0.00	0	0.00	0
roundacleanup/tag/rlb/1	HCoV-229E	0.00	0	0.00	0
roundacleanup/tag/rlb/1	HPIV-4	0.00	0	0.00	0
roundacleanup/tag/rlb/1	RSV-A	0.00	0	0.00	0
roundacleanup/tag/rlb/2	unclassified	99.97	270082	99.65	21537118
roundacleanup/tag/rlb/2	AdV-3	0.01	22	0.09	20492
roundacleanup/tag/rlb/2	Flu-A-H3N2	0.01	15	0.03	6532
roundacleanup/tag/rlb/2	HPIV-2	0.00	7	0.03	6991
roundacleanup/tag/rlb/2	AdV-1	0.00	6	0.03	5524
roundacleanup/tag/rlb/2	HPIV-1	0.00	5	0.04	8406
roundacleanup/tag/rlb/2	HMPV	0.00	4	0.01	2798
roundacleanup/tag/rlb/2	HPIV-3	0.00	4	0.04	9489
roundacleanup/tag/rlb/2	ambiguous	0.00	4	0.02	4942
roundacleanup/tag/rlb/2	HRV-1A	0.00	3	0.01	2697
roundacleanup/tag/rlb/2	SARS-CoV-2	0.00	3	0.01	1516
roundacleanup/tag/rlb/2	Flu-A-H1N1-NY	0.00	2	0.01	1647
roundacleanup/tag/rlb/2	AdV-31	0.00	1	0.00	991
roundacleanup/tag/rlb/2	Flu-A-H1N1-NC	0.00	1	0.00	782
roundacleanup/tag/rlb/2	HCoV-229E	0.00	1	0.00	848
roundacleanup/tag/rlb/2	RSV-A	0.00	1	0.00	936
roundacleanup/tag/rlb/2	Flu-B	0.00	0	0.00	0
roundacleanup/tag/rlb/2	HPIV-4	0.00	0	0.00	0
roundacleanup/tag/rlb/3	unclassified	99.94	120755	99.40	9806885
roundacleanup/tag/rlb/3	Flu-A-H3N2	0.01	16	0.05	5041
roundacleanup/tag/rlb/3	AdV-3	0.01	15	0.17	16411
roundacleanup/tag/rlb/3	HPIV-3	0.01	11	0.12	11561
roundacleanup/tag/rlb/3	HMPV	0.00	6	0.06	5788
roundacleanup/tag/rlb/3	Flu-A-H1N1-NY	0.00	5	0.04	3928
roundacleanup/tag/rlb/3	HPIV-2	0.00	5	0.05	4758
roundacleanup/tag/rlb/3	AdV-1	0.00	3	0.03	2626
roundacleanup/tag/rlb/3	Flu-A-H1N1-NC	0.00	3	0.03	3352
roundacleanup/tag/rlb/3	Flu-B	0.00	2	0.01	515
roundacleanup/tag/rlb/3	ambiguous	0.00	2	0.03	2820
roundacleanup/tag/rlb/3	AdV-31	0.00	1	0.01	687
roundacleanup/tag/rlb/3	HCoV-229E	0.00	1	0.01	822
roundacleanup/tag/rlb/3	HRV-1A	0.00	1	0.01	582
roundacleanup/tag/rlb/3	RSV-A	0.00	1	0.01	660
roundacleanup/tag/rlb/3	HPIV-1	0.00	0	0.00	0
roundacleanup/tag/rlb/3	HPIV-4	0.00	0	0.00	0
roundacleanup/tag/rlb/3	SARS-CoV-2	0.00	0	0.00	0
roundacleanup/tag/rlb/neg	unclassified	99.80	13666	97.17	1015937
roundacleanup/tag/rlb/neg	HPIV-3	0.05	7	1.00	10477
roundacleanup/tag/rlb/neg	AdV-3	0.03	4	0.35	3632
roundacleanup/tag/rlb/neg	Flu-A-H1N1-NY	0.03	4	0.38	3930
roundacleanup/tag/rlb/neg	AdV-1	0.01	2	0.19	1959
roundacleanup/tag/rlb/neg	Flu-A-H1N1-NC	0.01	2	0.14	1436
roundacleanup/tag/rlb/neg	Flu-A-H3N2	0.01	2	0.08	852
roundacleanup/tag/rlb/neg	ambiguous	0.01	2	0.23	2451
roundacleanup/tag/rlb/neg	HMPV	0.01	1	0.07	728
roundacleanup/tag/rlb/neg	HPIV-1	0.01	1	0.08	839
roundacleanup/tag/rlb/neg	HPIV-2	0.01	1	0.18	1853
roundacleanup/tag/rlb/neg	RSV-A	0.01	1	0.07	701
roundacleanup/tag/rlb/neg	SARS-CoV-2	0.01	1	0.07	709
roundacleanup/tag/rlb/neg	AdV-31	0.00	0	0.00	0
roundacleanup/tag/rlb/neg	Flu-B	0.00	0	0.00	0
roundacleanup/tag/rlb/neg	HCoV-229E	0.00	0	0.00	0
roundacleanup/tag/rlb/neg	HPIV-4	0.00	0	0.00	0
roundacleanup/tag/rlb/neg	HRV-1A	0.00	0	0.00	0
roundacleanup/tag/neb+rlb/1/clean	unclassified	99.76	4169676	99.63	531569977
roundacleanup/tag/neb+rlb/1/clean	Flu-A-H3N2	0.23	9773	0.36	1926336
roundacleanup/tag/neb+rlb/1/clean	AdV-3	0.00	18	0.00	14322
roundacleanup/tag/neb+rlb/1/clean	HPIV-3	0.00	9	0.00	15586
roundacleanup/tag/neb+rlb/1/clean	HPIV-2	0.00	7	0.00	5823
roundacleanup/tag/neb+rlb/1/clean	AdV-1	0.00	6	0.00	3339
roundacleanup/tag/neb+rlb/1/clean	Flu-A-H1N1-NC	0.00	6	0.00	5218
roundacleanup/tag/neb+rlb/1/clean	SARS-CoV-2	0.00	6	0.00	4439
roundacleanup/tag/neb+rlb/1/clean	ambiguous	0.00	5	0.00	3085
roundacleanup/tag/neb+rlb/1/clean	Flu-A-H1N1-NY	0.00	3	0.00	2971
roundacleanup/tag/neb+rlb/1/clean	Flu-B	0.00	3	0.00	1879
roundacleanup/tag/neb+rlb/1/clean	HPIV-1	0.00	3	0.00	3982
roundacleanup/tag/neb+rlb/1/clean	HRV-1A	0.00	3	0.00	2963
roundacleanup/tag/neb+rlb/1/clean	HMPV	0.00	2	0.00	1609
roundacleanup/tag/neb+rlb/1/clean	HPIV-4	0.00	2	0.00	3605
roundacleanup/tag/neb+rlb/1/clean	RSV-A	0.00	1	0.00	354
roundacleanup/tag/neb+rlb/1/clean	AdV-31	0.00	0	0.00	0
roundacleanup/tag/neb+rlb/1/clean	HCoV-229E	0.00	0	0.00	0
roundacleanup/tag/neb+rlb/2/clean	unclassified	99.74	4641445	99.60	585957944
roundacleanup/tag/neb+rlb/2/clean	Flu-A-H3N2	0.26	12194	0.39	2278514
roundacleanup/tag/neb+rlb/2/clean	AdV-3	0.00	25	0.00	22018
roundacleanup/tag/neb+rlb/2/clean	HPIV-3	0.00	13	0.00	19502
roundacleanup/tag/neb+rlb/2/clean	AdV-1	0.00	8	0.00	6322
roundacleanup/tag/neb+rlb/2/clean	Flu-A-H1N1-NC	0.00	7	0.00	5495
roundacleanup/tag/neb+rlb/2/clean	Flu-A-H1N1-NY	0.00	5	0.00	4886
roundacleanup/tag/neb+rlb/2/clean	HPIV-1	0.00	5	0.00	3518
roundacleanup/tag/neb+rlb/2/clean	HPIV-2	0.00	5	0.00	6696
roundacleanup/tag/neb+rlb/2/clean	AdV-31	0.00	4	0.00	3150
roundacleanup/tag/neb+rlb/2/clean	Flu-B	0.00	4	0.00	1834
roundacleanup/tag/neb+rlb/2/clean	HMPV	0.00	4	0.00	4724
roundacleanup/tag/neb+rlb/2/clean	SARS-CoV-2	0.00	3	0.00	2718
roundacleanup/tag/neb+rlb/2/clean	ambiguous	0.00	3	0.00	4183
roundacleanup/tag/neb+rlb/2/clean	HRV-1A	0.00	2	0.00	2042
roundacleanup/tag/neb+rlb/2/clean	RSV-A	0.00	2	0.00	1188
roundacleanup/tag/neb+rlb/2/clean	HCoV-229E	0.00	0	0.00	0
roundacleanup/tag/neb+rlb/2/clean	HPIV-4	0.00	0	0.00	0
roundacleanup/tag/neb+rlb/3/clean	unclassified	99.78	5141169	99.68	623779146
roundacleanup/tag/neb+rlb/3/clean	Flu-A-H3N2	0.22	11106	0.31	1935861
roundacleanup/tag/neb+rlb/3/clean	AdV-1	0.00	12	0.00	9045
roundacleanup/tag/neb+rlb/3/clean	AdV-3	0.00	12	0.00	11949
roundacleanup/tag/neb+rlb/3/clean	HPIV-2	0.00	5	0.00	6476
roundacleanup/tag/neb+rlb/3/clean	HPIV-3	0.00	5	0.00	7158
roundacleanup/tag/neb+rlb/3/clean	HRV-1A	0.00	5	0.00	4582
roundacleanup/tag/neb+rlb/3/clean	Flu-A-H1N1-NC	0.00	2	0.00	814
roundacleanup/tag/neb+rlb/3/clean	Flu-A-H1N1-NY	0.00	2	0.00	2662
roundacleanup/tag/neb+rlb/3/clean	HMPV	0.00	2	0.00	2128
roundacleanup/tag/neb+rlb/3/clean	SARS-CoV-2	0.00	2	0.00	1337
roundacleanup/tag/neb+rlb/3/clean	ambiguous	0.00	2	0.00	2924
roundacleanup/tag/neb+rlb/3/clean	AdV-31	0.00	1	0.00	1425
roundacleanup/tag/neb+rlb/3/clean	HCoV-229E	0.00	1	0.00	1017
roundacleanup/tag/neb+rlb/3/clean	RSV-A	0.00	1	0.00	659
roundacleanup/tag/neb+rlb/3/clean	Flu-B	0.00	0	0.00	0
roundacleanup/tag/neb+rlb/3/clean	HPIV-1	0.00	0	0.00	0
roundacleanup/tag/neb+rlb/3/clean	HPIV-4	0.00	0	0.00	0
roundacleanup/tag/neb+rlb/1	unclassified	99.84	5281525	99.75	654847189
roundacleanup/tag/neb+rlb/1	Flu-A-H3N2	0.16	8533	0.25	1610502
roundacleanup/tag/neb+rlb/1	AdV-3	0.00	13	0.00	11063
roundacleanup/tag/neb+rlb/1	HPIV-3	0.00	8	0.00	7796
roundacleanup/tag/neb+rlb/1	AdV-1	0.00	5	0.00	5369
roundacleanup/tag/neb+rlb/1	HMPV	0.00	5	0.00	3995
roundacleanup/tag/neb+rlb/1	ambiguous	0.00	4	0.00	7161
roundacleanup/tag/neb+rlb/1	AdV-31	0.00	2	0.00	2585
roundacleanup/tag/neb+rlb/1	Flu-A-H1N1-NC	0.00	2	0.00	1445
roundacleanup/tag/neb+rlb/1	Flu-A-H1N1-NY	0.00	2	0.00	1293
roundacleanup/tag/neb+rlb/1	HPIV-1	0.00	2	0.00	2096
roundacleanup/tag/neb+rlb/1	HPIV-2	0.00	2	0.00	1922
roundacleanup/tag/neb+rlb/1	HRV-1A	0.00	2	0.00	3006
roundacleanup/tag/neb+rlb/1	Flu-B	0.00	1	0.00	400
roundacleanup/tag/neb+rlb/1	HPIV-4	0.00	1	0.00	2367
roundacleanup/tag/neb+rlb/1	SARS-CoV-2	0.00	1	0.00	2579
roundacleanup/tag/neb+rlb/1	HCoV-229E	0.00	0	0.00	0
roundacleanup/tag/neb+rlb/1	RSV-A	0.00	0	0.00	0
roundacleanup/tag/neb+rlb/2	unclassified	99.83	4826540	99.74	588355199
roundacleanup/tag/neb+rlb/2	Flu-A-H3N2	0.17	8341	0.25	1469095
roundacleanup/tag/neb+rlb/2	AdV-3	0.00	10	0.00	7485
roundacleanup/tag/neb+rlb/2	HPIV-2	0.00	4	0.00	4448
roundacleanup/tag/neb+rlb/2	Flu-A-H1N1-NY	0.00	3	0.00	2784
roundacleanup/tag/neb+rlb/2	Flu-B	0.00	3	0.00	905
roundacleanup/tag/neb+rlb/2	HPIV-3	0.00	3	0.00	4672
roundacleanup/tag/neb+rlb/2	ambiguous	0.00	3	0.00	4978
roundacleanup/tag/neb+rlb/2	AdV-1	0.00	2	0.00	1586
roundacleanup/tag/neb+rlb/2	Flu-A-H1N1-NC	0.00	2	0.00	2215
roundacleanup/tag/neb+rlb/2	HPIV-1	0.00	2	0.00	3729
roundacleanup/tag/neb+rlb/2	HMPV	0.00	1	0.00	1788
roundacleanup/tag/neb+rlb/2	SARS-CoV-2	0.00	1	0.00	2083
roundacleanup/tag/neb+rlb/2	AdV-31	0.00	0	0.00	0
roundacleanup/tag/neb+rlb/2	HCoV-229E	0.00	0	0.00	0
roundacleanup/tag/neb+rlb/2	HPIV-4	0.00	0	0.00	0
roundacleanup/tag/neb+rlb/2	HRV-1A	0.00	0	0.00	0
roundacleanup/tag/neb+rlb/2	RSV-A	0.00	0	0.00	0
roundacleanup/tag/neb+rlb/3	unclassified	99.81	6382819	99.68	775171396
roundacleanup/tag/neb+rlb/3	Flu-A-H3N2	0.18	11642	0.29	2291529
roundacleanup/tag/neb+rlb/3	AdV-3	0.00	52	0.01	41927
roundacleanup/tag/neb+rlb/3	HPIV-3	0.00	27	0.00	38128
roundacleanup/tag/neb+rlb/3	AdV-1	0.00	16	0.00	11804
roundacleanup/tag/neb+rlb/3	Flu-A-H1N1-NY	0.00	16	0.00	13545
roundacleanup/tag/neb+rlb/3	HMPV	0.00	12	0.00	14901
roundacleanup/tag/neb+rlb/3	Flu-B	0.00	11	0.00	4349
roundacleanup/tag/neb+rlb/3	HPIV-2	0.00	11	0.00	12029
roundacleanup/tag/neb+rlb/3	HRV-1A	0.00	11	0.00	18674
roundacleanup/tag/neb+rlb/3	Flu-A-H1N1-NC	0.00	9	0.00	7146
roundacleanup/tag/neb+rlb/3	HPIV-1	0.00	9	0.00	11366
roundacleanup/tag/neb+rlb/3	ambiguous	0.00	8	0.00	8182
roundacleanup/tag/neb+rlb/3	RSV-A	0.00	7	0.00	5949
roundacleanup/tag/neb+rlb/3	SARS-CoV-2	0.00	6	0.00	5959
roundacleanup/tag/neb+rlb/3	AdV-31	0.00	5	0.00	4656
roundacleanup/tag/neb+rlb/3	HCoV-229E	0.00	4	0.00	3994
roundacleanup/tag/neb+rlb/3	HPIV-4	0.00	2	0.00	4308
roundacleanup/tag/neb+rlb/neg	unclassified	99.86	10892	98.80	832484
roundacleanup/tag/neb+rlb/neg	AdV-3	0.04	4	0.24	2054
roundacleanup/tag/neb+rlb/neg	Flu-A-H3N2	0.03	3	0.15	1267
roundacleanup/tag/neb+rlb/neg	AdV-1	0.02	2	0.13	1112
roundacleanup/tag/neb+rlb/neg	AdV-31	0.01	1	0.19	1560
roundacleanup/tag/neb+rlb/neg	Flu-A-H1N1-NY	0.01	1	0.17	1469
roundacleanup/tag/neb+rlb/neg	HCoV-229E	0.01	1	0.07	612
roundacleanup/tag/neb+rlb/neg	HPIV-2	0.01	1	0.11	888
roundacleanup/tag/neb+rlb/neg	HPIV-3	0.01	1	0.05	422
roundacleanup/tag/neb+rlb/neg	ambiguous	0.01	1	0.08	695
roundacleanup/tag/neb+rlb/neg	Flu-A-H1N1-NC	0.00	0	0.00	0
roundacleanup/tag/neb+rlb/neg	Flu-B	0.00	0	0.00	0
roundacleanup/tag/neb+rlb/neg	HMPV	0.00	0	0.00	0
roundacleanup/tag/neb+rlb/neg	HPIV-1	0.00	0	0.00	0
roundacleanup/tag/neb+rlb/neg	HPIV-4	0.00	0	0.00	0
roundacleanup/tag/neb+rlb/neg	HRV-1A	0.00	0	0.00	0
roundacleanup/tag/neb+rlb/neg	RSV-A	0.00	0	0.00	0
roundacleanup/tag/neb+rlb/neg	SARS-CoV-2	0.00	0	0.00	0
dualprimersmart9n/full/neb/1	unclassified	86.74	1265958	82.60	826079770
dualprimersmart9n/full/neb/1	AdV-3	2.22	32418	2.78	27782518
dualprimersmart9n/full/neb/1	HPIV-2	2.10	30645	2.86	28561565
dualprimersmart9n/full/neb/1	HPIV-3	1.42	20721	2.06	20578633
dualprimersmart9n/full/neb/1	Flu-A-H1N1-NC	1.27	18513	1.63	16292782
dualprimersmart9n/full/neb/1	AdV-1	1.13	16422	1.30	12971043
dualprimersmart9n/full/neb/1	Flu-B	0.88	12851	0.99	9880595
dualprimersmart9n/full/neb/1	HMPV	0.48	7037	0.66	6608061
dualprimersmart9n/full/neb/1	HPIV-1	0.48	7033	0.74	7360665
dualprimersmart9n/full/neb/1	HRV-1A	0.47	6819	0.61	6075640
dualprimersmart9n/full/neb/1	ambiguous	0.45	6634	0.72	7231041
dualprimersmart9n/full/neb/1	RSV-A	0.43	6294	0.58	5775090
dualprimersmart9n/full/neb/1	AdV-31	0.42	6133	0.47	4675816
dualprimersmart9n/full/neb/1	Flu-A-H3N2	0.40	5836	0.52	5158438
dualprimersmart9n/full/neb/1	HCoV-229E	0.37	5373	0.49	4884976
dualprimersmart9n/full/neb/1	HPIV-4	0.36	5227	0.50	5006318
dualprimersmart9n/full/neb/1	Flu-A-H1N1-NY	0.33	4869	0.43	4345721
dualprimersmart9n/full/neb/1	SARS-CoV-2	0.05	764	0.08	810415
dualprimersmart9n/full/neb/2	unclassified	84.09	531368	80.00	337976122
dualprimersmart9n/full/neb/2	HPIV-2	2.62	16547	3.42	14434367
dualprimersmart9n/full/neb/2	AdV-3	2.40	15164	2.90	12250091
dualprimersmart9n/full/neb/2	HPIV-3	1.71	10816	2.33	9840272
dualprimersmart9n/full/neb/2	Flu-A-H1N1-NC	1.60	10125	2.00	8439476
dualprimersmart9n/full/neb/2	AdV-1	1.49	9390	1.66	7004211
dualprimersmart9n/full/neb/2	Flu-B	1.13	7129	1.28	5408979
dualprimersmart9n/full/neb/2	HRV-1A	0.62	3937	0.77	3259192
dualprimersmart9n/full/neb/2	HPIV-1	0.60	3814	0.84	3569521
dualprimersmart9n/full/neb/2	Flu-A-H3N2	0.54	3411	0.66	2800424
dualprimersmart9n/full/neb/2	RSV-A	0.52	3309	0.65	2738519
dualprimersmart9n/full/neb/2	HMPV	0.49	3120	0.64	2707842
dualprimersmart9n/full/neb/2	AdV-31	0.47	2957	0.53	2221530
dualprimersmart9n/full/neb/2	HPIV-4	0.47	2942	0.62	2633783
dualprimersmart9n/full/neb/2	HCoV-229E	0.42	2666	0.53	2246862
dualprimersmart9n/full/neb/2	Flu-A-H1N1-NY	0.40	2537	0.49	2057733
dualprimersmart9n/full/neb/2	ambiguous	0.37	2327	0.60	2548733
dualprimersmart9n/full/neb/2	SARS-CoV-2	0.06	356	0.07	313864
dualprimersmart9n/full/neb/3	unclassified	85.45	630547	81.41	380980681
dualprimersmart9n/full/neb/3	HPIV-2	2.33	17190	3.10	14503742
dualprimersmart9n/full/neb/3	AdV-3	2.30	16935	2.83	13249899
dualprimersmart9n/full/neb/3	HPIV-3	1.56	11533	2.17	10134773
dualprimersmart9n/full/neb/3	AdV-1	1.44	10643	1.59	7429363
dualprimersmart9n/full/neb/3	Flu-A-H1N1-NC	1.32	9724	1.70	7934138
dualprimersmart9n/full/neb/3	Flu-B	1.07	7894	1.21	5645400
dualprimersmart9n/full/neb/3	HRV-1A	0.56	4138	0.71	3335874
dualprimersmart9n/full/neb/3	HPIV-1	0.49	3642	0.72	3386743
dualprimersmart9n/full/neb/3	RSV-A	0.49	3631	0.63	2928970
dualprimersmart9n/full/neb/3	HMPV	0.47	3489	0.64	2974406
dualprimersmart9n/full/neb/3	HPIV-4	0.47	3484	0.65	3034598
dualprimersmart9n/full/neb/3	Flu-A-H3N2	0.46	3360	0.58	2729305
dualprimersmart9n/full/neb/3	AdV-31	0.45	3300	0.51	2365776
dualprimersmart9n/full/neb/3	HCoV-229E	0.41	3025	0.52	2422505
dualprimersmart9n/full/neb/3	Flu-A-H1N1-NY	0.35	2599	0.44	2059278
dualprimersmart9n/full/neb/3	ambiguous	0.30	2246	0.51	2408252
dualprimersmart9n/full/neb/3	SARS-CoV-2	0.07	492	0.09	426751
dualprimersmart9n/full/neb/neg	unclassified	76.62	10495	69.71	10034499
dualprimersmart9n/full/neb/neg	HPIV-2	4.26	583	5.90	849321
dualprimersmart9n/full/neb/neg	HPIV-3	3.42	468	5.02	722328
dualprimersmart9n/full/neb/neg	AdV-3	3.09	423	3.45	496819
dualprimersmart9n/full/neb/neg	Flu-A-H1N1-NC	2.11	289	2.46	353417
dualprimersmart9n/full/neb/neg	AdV-1	1.37	187	1.58	226752
dualprimersmart9n/full/neb/neg	Flu-B	1.28	175	1.34	192368
dualprimersmart9n/full/neb/neg	ambiguous	1.15	158	1.99	285949
dualprimersmart9n/full/neb/neg	HPIV-1	1.12	154	1.64	235664
dualprimersmart9n/full/neb/neg	HRV-1A	0.89	122	1.12	161667
dualprimersmart9n/full/neb/neg	HPIV-4	0.88	120	1.22	175788
dualprimersmart9n/full/neb/neg	HMPV	0.87	119	1.19	170900
dualprimersmart9n/full/neb/neg	RSV-A	0.70	96	0.91	131257
dualprimersmart9n/full/neb/neg	HCoV-229E	0.69	94	0.85	122985
dualprimersmart9n/full/neb/neg	Flu-A-H3N2	0.62	85	0.67	96634
dualprimersmart9n/full/neb/neg	AdV-31	0.42	58	0.36	51891
dualprimersmart9n/full/neb/neg	Flu-A-H1N1-NY	0.40	55	0.44	63322
dualprimersmart9n/full/neb/neg	SARS-CoV-2	0.12	16	0.16	22432
dualprimersmart9n/full/neb+rlb/1	unclassified	98.27	166424	94.02	56739058
dualprimersmart9n/full/neb+rlb/1	HPIV-2	0.26	448	1.11	671008
dualprimersmart9n/full/neb+rlb/1	HPIV-3	0.22	371	0.98	591142
dualprimersmart9n/full/neb+rlb/1	AdV-3	0.21	358	0.69	419316
dualprimersmart9n/full/neb+rlb/1	Flu-A-H3N2	0.18	297	0.26	157933
dualprimersmart9n/full/neb+rlb/1	Flu-A-H1N1-NC	0.15	252	0.49	293750
dualprimersmart9n/full/neb+rlb/1	AdV-1	0.14	237	0.38	229305
dualprimersmart9n/full/neb+rlb/1	Flu-B	0.08	137	0.22	132971
dualprimersmart9n/full/neb+rlb/1	HPIV-1	0.07	125	0.33	198367
dualprimersmart9n/full/neb+rlb/1	HMPV	0.06	108	0.23	137174
dualprimersmart9n/full/neb+rlb/1	HRV-1A	0.06	102	0.21	124440
dualprimersmart9n/full/neb+rlb/1	ambiguous	0.06	102	0.29	176393
dualprimersmart9n/full/neb+rlb/1	HPIV-4	0.06	98	0.25	149305
dualprimersmart9n/full/neb+rlb/1	RSV-A	0.05	81	0.18	107118
dualprimersmart9n/full/neb+rlb/1	HCoV-229E	0.04	75	0.14	82192
dualprimersmart9n/full/neb+rlb/1	AdV-31	0.04	66	0.10	57904
dualprimersmart9n/full/neb+rlb/1	Flu-A-H1N1-NY	0.03	54	0.10	57363
dualprimersmart9n/full/neb+rlb/1	SARS-CoV-2	0.01	12	0.03	20355
dualprimersmart9n/full/neb+rlb/2	unclassified	98.32	92295	93.76	29937273
dualprimersmart9n/full/neb+rlb/2	HPIV-2	0.28	265	1.28	408186
dualprimersmart9n/full/neb+rlb/2	AdV-3	0.21	195	0.70	224035
dualprimersmart9n/full/neb+rlb/2	HPIV-3	0.20	185	0.93	296112
dualprimersmart9n/full/neb+rlb/2	Flu-A-H3N2	0.18	168	0.28	90754
dualprimersmart9n/full/neb+rlb/2	Flu-A-H1N1-NC	0.13	119	0.46	146474
dualprimersmart9n/full/neb+rlb/2	AdV-1	0.12	112	0.37	118530
dualprimersmart9n/full/neb+rlb/2	HPIV-1	0.08	79	0.37	118612
dualprimersmart9n/full/neb+rlb/2	Flu-B	0.08	76	0.28	88154
dualprimersmart9n/full/neb+rlb/2	RSV-A	0.07	65	0.25	79056
dualprimersmart9n/full/neb+rlb/2	HMPV	0.06	58	0.25	80969
dualprimersmart9n/full/neb+rlb/2	HRV-1A	0.06	54	0.22	69195
dualprimersmart9n/full/neb+rlb/2	HPIV-4	0.05	48	0.23	73146
dualprimersmart9n/full/neb+rlb/2	ambiguous	0.05	46	0.24	76022
dualprimersmart9n/full/neb+rlb/2	AdV-31	0.04	40	0.11	33564
dualprimersmart9n/full/neb+rlb/2	HCoV-229E	0.04	39	0.15	46835
dualprimersmart9n/full/neb+rlb/2	Flu-A-H1N1-NY	0.02	18	0.07	22302
dualprimersmart9n/full/neb+rlb/2	SARS-CoV-2	0.01	13	0.06	20032
dualprimersmart9n/full/neb+rlb/3	unclassified	99.46	72131	98.11	20838660
dualprimersmart9n/full/neb+rlb/3	Flu-A-H3N2	0.17	122	0.28	59877
dualprimersmart9n/full/neb+rlb/3	HPIV-2	0.06	43	0.30	63673
dualprimersmart9n/full/neb+rlb/3	HPIV-3	0.06	41	0.30	63027
dualprimersmart9n/full/neb+rlb/3	AdV-3	0.06	40	0.19	40997
dualprimersmart9n/full/neb+rlb/3	Flu-A-H1N1-NC	0.03	22	0.13	28444
dualprimersmart9n/full/neb+rlb/3	Flu-B	0.02	18	0.09	18347
dualprimersmart9n/full/neb+rlb/3	AdV-1	0.02	17	0.09	18912
dualprimersmart9n/full/neb+rlb/3	ambiguous	0.02	15	0.11	24161
dualprimersmart9n/full/neb+rlb/3	HMPV	0.02	13	0.07	14611
dualprimersmart9n/full/neb+rlb/3	RSV-A	0.02	13	0.08	16144
dualprimersmart9n/full/neb+rlb/3	AdV-31	0.02	11	0.04	8508
dualprimersmart9n/full/neb+rlb/3	Flu-A-H1N1-NY	0.01	9	0.05	9779
dualprimersmart9n/full/neb+rlb/3	HPIV-1	0.01	9	0.05	11454
dualprimersmart9n/full/neb+rlb/3	HCoV-229E	0.01	8	0.05	10624
dualprimersmart9n/full/neb+rlb/3	HRV-1A	0.01	5	0.03	5857
dualprimersmart9n/full/neb+rlb/3	HPIV-4	0.00	3	0.02	4109
dualprimersmart9n/full/neb+rlb/3	SARS-CoV-2	0.00	2	0.01	3076
dualprimersmart9n/full/neb+rlb/neg	unclassified	81.46	3436	72.96	2793576
dualprimersmart9n/full/neb+rlb/neg	HPIV-2	3.11	131	5.00	191413
dualprimersmart9n/full/neb+rlb/neg	HPIV-3	2.75	116	4.58	175287
dualprimersmart9n/full/neb+rlb/neg	AdV-3	2.42	102	3.31	126858
dualprimersmart9n/full/neb+rlb/neg	Flu-A-H1N1-NC	1.87	79	2.57	98440
dualprimersmart9n/full/neb+rlb/neg	AdV-1	1.33	56	1.47	56295
dualprimersmart9n/full/neb+rlb/neg	HPIV-1	1.04	44	1.74	66650
dualprimersmart9n/full/neb+rlb/neg	Flu-B	0.90	38	1.03	39254
dualprimersmart9n/full/neb+rlb/neg	ambiguous	0.73	31	1.53	58707
dualprimersmart9n/full/neb+rlb/neg	HRV-1A	0.69	29	0.80	30727
dualprimersmart9n/full/neb+rlb/neg	HMPV	0.64	27	1.10	42128
dualprimersmart9n/full/neb+rlb/neg	RSV-A	0.62	26	0.83	31773
dualprimersmart9n/full/neb+rlb/neg	AdV-31	0.59	25	0.59	22746
dualprimersmart9n/full/neb+rlb/neg	Flu-A-H3N2	0.57	24	0.81	31081
dualprimersmart9n/full/neb+rlb/neg	HPIV-4	0.55	23	0.71	27135
dualprimersmart9n/full/neb+rlb/neg	Flu-A-H1N1-NY	0.43	18	0.58	22176
dualprimersmart9n/full/neb+rlb/neg	HCoV-229E	0.24	10	0.27	10374
dualprimersmart9n/full/neb+rlb/neg	SARS-CoV-2	0.07	3	0.12	4445
