target	sample	containment1	containment1_hits	containment10	containment10_hits	target_length	target_kmers	median_nz_abundance
HPIV-2	roundab/full/neb/1	0.99702	669	0.97019	651	15654	671	795
HRV-1A	roundab/full/neb/1	0.96178	302	0.93949	295	7096	314	208
HPIV-3	roundab/full/neb/1	0.95082	638	0.94635	635	15382	671	686
RSV-A	roundab/full/neb/1	0.93769	602	0.86760	557	14855	642	84
HMPV	roundab/full/neb/1	0.91873	520	0.67491	382	13149	566	82
HPIV-4	roundab/full/neb/1	0.85170	626	0.80136	589	17132	735	202
AdV-3	roundab/full/neb/1	0.85084	1312	0.73541	1134	35072	1542	405
Flu-A-H1N1-NC	roundab/full/neb/1	0.81565	469	0.79304	456	13292	575	735
HPIV-1	roundab/full/neb/1	0.81443	553	0.78792	535	15412	679	250
Flu-A-H1N1-NY	roundab/full/neb/1	0.73427	420	0.70979	406	13130	572	598
AdV-1	roundab/full/neb/1	0.71930	1107	0.60039	924	35676	1539	225
Flu-B	roundab/full/neb/1	0.64344	397	0.54457	336	14222	617	197
Flu-A-H3N2	roundab/full/neb/1	0.59240	343	0.57340	332	13290	579	1183
AdV-31	roundab/full/neb/1	0.43333	637	0.38707	569	33755	1470	413
HCoV-229E	roundab/full/neb/1	0.13758	160	0.10146	118	26841	1163	85
SARS-CoV-2	roundab/full/neb/1	0.02812	37	0.02356	31	29778	1316	107
TOTAL	roundab/full/neb/1	0.64406	8792	0.58230	7949	0	13651	356
HPIV-2	roundab/full/neb/2	0.99702	669	0.98808	663	15654	671	1070
HPIV-3	roundab/full/neb/2	0.98808	663	0.98659	662	15382	671	748
HRV-1A	roundab/full/neb/2	0.95223	299	0.92994	292	7096	314	315
AdV-3	roundab/full/neb/2	0.92023	1419	0.88327	1362	35072	1542	506
RSV-A	roundab/full/neb/2	0.91433	587	0.85826	551	14855	642	83
HMPV	roundab/full/neb/2	0.90459	512	0.88163	499	13149	566	188
HPIV-4	roundab/full/neb/2	0.87075	640	0.77007	566	17132	735	149
AdV-1	roundab/full/neb/2	0.79337	1221	0.70370	1083	35676	1539	321
Flu-A-H1N1-NC	roundab/full/neb/2	0.77913	448	0.74261	427	13292	575	908
HPIV-1	roundab/full/neb/2	0.77614	527	0.74374	505	15412	679	241
Flu-A-H1N1-NY	roundab/full/neb/2	0.77448	443	0.71853	411	13130	572	618
Flu-B	roundab/full/neb/2	0.70178	433	0.68071	420	14222	617	250
Flu-A-H3N2	roundab/full/neb/2	0.63903	370	0.58377	338	13290	579	652
AdV-31	roundab/full/neb/2	0.48980	720	0.44082	648	33755	1470	398
HCoV-229E	roundab/full/neb/2	0.07309	85	0.05933	69	26841	1163	21
SARS-CoV-2	roundab/full/neb/2	0.02356	31	0.02356	31	29778	1316	237
TOTAL	roundab/full/neb/2	0.66420	9067	0.62464	8527	0	13651	392
HPIV-3	roundab/full/neb/neg	0.13860	93	0.00000	0	15382	671	1
Flu-A-H1N1-NY	roundab/full/neb/neg	0.02098	12	0.00000	0	13130	572	1
HPIV-2	roundab/full/neb/neg	0.02086	14	0.00000	0	15654	671	1
RSV-A	roundab/full/neb/neg	0.01869	12	0.00000	0	14855	642	1
Flu-A-H3N2	roundab/full/neb/neg	0.01727	10	0.00000	0	13290	579	1
AdV-3	roundab/full/neb/neg	0.00649	10	0.00000	0	35072	1542	1
AdV-1	roundab/full/neb/neg	0.00000	0	0.00000	0	35676	1539	0
AdV-31	roundab/full/neb/neg	0.00000	0	0.00000	0	33755	1470	0
Flu-A-H1N1-NC	roundab/full/neb/neg	0.00000	0	0.00000	0	13292	575	0
Flu-B	roundab/full/neb/neg	0.00000	0	0.00000	0	14222	617	0
HMPV	roundab/full/neb/neg	0.00000	0	0.00000	0	13149	566	0
HPIV-1	roundab/full/neb/neg	0.00000	0	0.00000	0	15412	679	0
HPIV-4	roundab/full/neb/neg	0.00000	0	0.00000	0	17132	735	0
HRV-1A	roundab/full/neb/neg	0.00000	0	0.00000	0	7096	314	0
SARS-CoV-2	roundab/full/neb/neg	0.00000	0	0.00000	0	29778	1316	0
HCoV-229E	roundab/full/neb/neg	0.00000	0	0.00000	0	26841	1163	0
TOTAL	roundab/full/neb/neg	0.01106	151	0.00000	0	0	13651	0
HPIV-2	roundab/frag/neb/1	0.99553	668	0.99553	668	15654	671	790
HPIV-3	roundab/frag/neb/1	0.97615	655	0.97615	655	15382	671	630
Flu-A-H1N1-NC	roundab/frag/neb/1	0.72870	419	0.66957	385	13292	575	583
HPIV-1	roundab/frag/neb/1	0.69514	472	0.59499	404	15412	679	154
AdV-3	roundab/frag/neb/1	0.66083	1019	0.60895	939	35072	1542	605
RSV-A	roundab/frag/neb/1	0.65421	420	0.59502	382	14855	642	39
HRV-1A	roundab/frag/neb/1	0.65287	205	0.64650	203	7096	314	396
Flu-A-H1N1-NY	roundab/frag/neb/1	0.64336	368	0.56818	325	13130	572	407
AdV-1	roundab/frag/neb/1	0.59389	914	0.52502	808	35676	1539	208
HMPV	roundab/frag/neb/1	0.58304	330	0.54947	311	13149	566	272
Flu-B	roundab/frag/neb/1	0.55754	344	0.41815	258	14222	617	170
HPIV-4	roundab/frag/neb/1	0.54830	403	0.52517	386	17132	735	82
Flu-A-H3N2	roundab/frag/neb/1	0.54404	315	0.46459	269	13290	579	672
AdV-31	roundab/frag/neb/1	0.40544	596	0.37891	557	33755	1470	508
HCoV-229E	roundab/frag/neb/1	0.08340	97	0.07997	93	26841	1163	131
SARS-CoV-2	roundab/frag/neb/1	0.02812	37	0.02812	37	29778	1316	437
TOTAL	roundab/frag/neb/1	0.53198	7262	0.48919	6678	0	13651	382
HPIV-4	roundab/frag/neb/neg	0.08980	66	0.00000	0	17132	735	1
AdV-3	roundab/frag/neb/neg	0.06615	102	0.00000	0	35072	1542	1
HPIV-2	roundab/frag/neb/neg	0.02235	15	0.00000	0	15654	671	1
HPIV-3	roundab/frag/neb/neg	0.02235	15	0.00000	0	15382	671	1
Flu-B	roundab/frag/neb/neg	0.02107	13	0.00000	0	14222	617	1
Flu-A-H1N1-NC	roundab/frag/neb/neg	0.01913	11	0.00000	0	13292	575	1
Flu-A-H3N2	roundab/frag/neb/neg	0.01900	11	0.00000	0	13290	579	1
AdV-1	roundab/frag/neb/neg	0.01754	27	0.00000	0	35676	1539	1
HPIV-1	roundab/frag/neb/neg	0.01178	8	0.00000	0	15412	679	2
AdV-31	roundab/frag/neb/neg	0.00136	2	0.00000	0	33755	1470	1
Flu-A-H1N1-NY	roundab/frag/neb/neg	0.00000	0	0.00000	0	13130	572	0
HMPV	roundab/frag/neb/neg	0.00000	0	0.00000	0	13149	566	0
HRV-1A	roundab/frag/neb/neg	0.00000	0	0.00000	0	7096	314	0
RSV-A	roundab/frag/neb/neg	0.00000	0	0.00000	0	14855	642	0
SARS-CoV-2	roundab/frag/neb/neg	0.00000	0	0.00000	0	29778	1316	0
HCoV-229E	roundab/frag/neb/neg	0.00000	0	0.00000	0	26841	1163	0
TOTAL	roundab/frag/neb/neg	0.01978	270	0.00000	0	0	13651	1
AdV-3	roundab/frag/rlb/1	0.35019	540	0.00000	0	35072	1542	1
HPIV-2	roundab/frag/rlb/1	0.16244	109	0.00000	0	15654	671	1
AdV-1	roundab/frag/rlb/1	0.12606	194	0.00000	0	35676	1539	1
AdV-31	roundab/frag/rlb/1	0.12313	181	0.00000	0	33755	1470	1
HPIV-3	roundab/frag/rlb/1	0.06557	44	0.00000	0	15382	671	1
RSV-A	roundab/frag/rlb/1	0.06542	42	0.00000	0	14855	642	1
Flu-B	roundab/frag/rlb/1	0.03404	21	0.00000	0	14222	617	1
HMPV	roundab/frag/rlb/1	0.03004	17	0.00000	0	13149	566	1
HPIV-1	roundab/frag/rlb/1	0.02798	19	0.00000	0	15412	679	1
Flu-A-H1N1-NC	roundab/frag/rlb/1	0.02435	14	0.00000	0	13292	575	1
HPIV-4	roundab/frag/rlb/1	0.01769	13	0.00000	0	17132	735	1
HRV-1A	roundab/frag/rlb/1	0.01592	5	0.00000	0	7096	314	1
HCoV-229E	roundab/frag/rlb/1	0.01290	15	0.00000	0	26841	1163	1
Flu-A-H1N1-NY	roundab/frag/rlb/1	0.00699	4	0.00000	0	13130	572	1
SARS-CoV-2	roundab/frag/rlb/1	0.00456	6	0.00000	0	29778	1316	1
Flu-A-H3N2	roundab/frag/rlb/1	0.00345	2	0.00173	1	13290	579	16
TOTAL	roundab/frag/rlb/1	0.08981	1226	0.00007	1	0	13651	2
AdV-1	roundab/frag/rlb/2	0.40026	616	0.00000	0	35676	1539	1
AdV-3	roundab/frag/rlb/2	0.21984	339	0.00000	0	35072	1542	1
AdV-31	roundab/frag/rlb/2	0.17823	262	0.00000	0	33755	1470	1
HPIV-1	roundab/frag/rlb/2	0.11193	76	0.00000	0	15412	679	1
HPIV-2	roundab/frag/rlb/2	0.09687	65	0.00000	0	15654	671	1
HPIV-3	roundab/frag/rlb/2	0.06557	44	0.00000	0	15382	671	1
RSV-A	roundab/frag/rlb/2	0.04050	26	0.00000	0	14855	642	1
Flu-A-H1N1-NC	roundab/frag/rlb/2	0.02435	14	0.00000	0	13292	575	1
HPIV-4	roundab/frag/rlb/2	0.00544	4	0.00000	0	17132	735	1
Flu-B	roundab/frag/rlb/2	0.00486	3	0.00000	0	14222	617	1
Flu-A-H3N2	roundab/frag/rlb/2	0.00345	2	0.00173	1	13290	579	8
SARS-CoV-2	roundab/frag/rlb/2	0.00076	1	0.00000	0	29778	1316	1
Flu-A-H1N1-NY	roundab/frag/rlb/2	0.00000	0	0.00000	0	13130	572	0
HMPV	roundab/frag/rlb/2	0.00000	0	0.00000	0	13149	566	0
HRV-1A	roundab/frag/rlb/2	0.00000	0	0.00000	0	7096	314	0
HCoV-229E	roundab/frag/rlb/2	0.00000	0	0.00000	0	26841	1163	0
TOTAL	roundab/frag/rlb/2	0.10637	1452	0.00007	1	0	13651	1
HRV-1A	roundab/frag/rlb/neg	0.08917	28	0.00000	0	7096	314	1
Flu-A-H1N1-NC	roundab/frag/rlb/neg	0.08174	47	0.00000	0	13292	575	1
HPIV-2	roundab/frag/rlb/neg	0.07899	53	0.00000	0	15654	671	1
HPIV-3	roundab/frag/rlb/neg	0.05514	37	0.00000	0	15382	671	1
AdV-3	roundab/frag/rlb/neg	0.05123	79	0.00000	0	35072	1542	1
RSV-A	roundab/frag/rlb/neg	0.03738	24	0.00000	0	14855	642	1
Flu-A-H1N1-NY	roundab/frag/rlb/neg	0.02448	14	0.00000	0	13130	572	1
HPIV-1	roundab/frag/rlb/neg	0.01767	12	0.00000	0	15412	679	2
HPIV-4	roundab/frag/rlb/neg	0.01497	11	0.00000	0	17132	735	1
HCoV-229E	roundab/frag/rlb/neg	0.01376	16	0.00000	0	26841	1163	1
Flu-A-H3N2	roundab/frag/rlb/neg	0.01036	6	0.00000	0	13290	579	1
AdV-31	roundab/frag/rlb/neg	0.01020	15	0.00000	0	33755	1470	1
AdV-1	roundab/frag/rlb/neg	0.00975	15	0.00000	0	35676	1539	1
Flu-B	roundab/frag/rlb/neg	0.00000	0	0.00000	0	14222	617	0
HMPV	roundab/frag/rlb/neg	0.00000	0	0.00000	0	13149	566	0
SARS-CoV-2	roundab/frag/rlb/neg	0.00000	0	0.00000	0	29778	1316	0
TOTAL	roundab/frag/rlb/neg	0.02615	357	0.00000	0	0	13651	1
HPIV-3	roundab/frag/neb+rlb/1	0.25335	170	0.00000	0	15382	671	1
HPIV-2	roundab/frag/neb+rlb/1	0.19076	128	0.00000	0	15654	671	1
AdV-1	roundab/frag/neb+rlb/1	0.08902	137	0.00000	0	35676	1539	1
AdV-3	roundab/frag/neb+rlb/1	0.08820	136	0.00000	0	35072	1542	1
Flu-B	roundab/frag/neb+rlb/1	0.08266	51	0.00000	0	14222	617	1
HMPV	roundab/frag/neb+rlb/1	0.07951	45	0.00000	0	13149	566	1
Flu-A-H1N1-NY	roundab/frag/neb+rlb/1	0.03846	22	0.00000	0	13130	572	1
Flu-A-H1N1-NC	roundab/frag/neb+rlb/1	0.03130	18	0.00000	0	13292	575	1
Flu-A-H3N2	roundab/frag/neb+rlb/1	0.02763	16	0.00345	2	13290	579	1
RSV-A	roundab/frag/neb+rlb/1	0.02181	14	0.00000	0	14855	642	1
AdV-31	roundab/frag/neb+rlb/1	0.01905	28	0.00000	0	33755	1470	1
HPIV-1	roundab/frag/neb+rlb/1	0.01620	11	0.00000	0	15412	679	1
HPIV-4	roundab/frag/neb+rlb/1	0.01224	9	0.00000	0	17132	735	1
HCoV-229E	roundab/frag/neb+rlb/1	0.01118	13	0.00000	0	26841	1163	1
HRV-1A	roundab/frag/neb+rlb/1	0.00000	0	0.00000	0	7096	314	0
SARS-CoV-2	roundab/frag/neb+rlb/1	0.00000	0	0.00000	0	29778	1316	0
TOTAL	roundab/frag/neb+rlb/1	0.05846	798	0.00015	2	0	13651	1
HPIV-3	roundab/frag/neb+rlb/2	0.22057	148	0.00000	0	15382	671	1
HPIV-2	roundab/frag/neb+rlb/2	0.18331	123	0.00000	0	15654	671	1
AdV-3	roundab/frag/neb+rlb/2	0.11154	172	0.00000	0	35072	1542	1
AdV-1	roundab/frag/neb+rlb/2	0.09747	150	0.00000	0	35676	1539	1
HRV-1A	roundab/frag/neb+rlb/2	0.08917	28	0.00000	0	7096	314	1
Flu-A-H3N2	roundab/frag/neb+rlb/2	0.06045	35	0.00345	2	13290	579	1
Flu-A-H1N1-NY	roundab/frag/neb+rlb/2	0.05245	30	0.00000	0	13130	572	1
AdV-31	roundab/frag/neb+rlb/2	0.05238	77	0.00000	0	33755	1470	1
Flu-A-H1N1-NC	roundab/frag/neb+rlb/2	0.03130	18	0.00000	0	13292	575	1
HPIV-4	roundab/frag/neb+rlb/2	0.02313	17	0.00000	0	17132	735	1
Flu-B	roundab/frag/neb+rlb/2	0.01135	7	0.00000	0	14222	617	1
RSV-A	roundab/frag/neb+rlb/2	0.00779	5	0.00000	0	14855	642	1
HMPV	roundab/frag/neb+rlb/2	0.00707	4	0.00000	0	13149	566	1
HPIV-1	roundab/frag/neb+rlb/2	0.00000	0	0.00000	0	15412	679	0
SARS-CoV-2	roundab/frag/neb+rlb/2	0.00000	0	0.00000	0	29778	1316	0
HCoV-229E	roundab/frag/neb+rlb/2	0.00000	0	0.00000	0	26841	1163	0
TOTAL	roundab/frag/neb+rlb/2	0.05963	814	0.00015	2	0	13651	1
HPIV-3	roundab/frag/neb+rlb/neg	0.07601	51	0.00000	0	15382	671	1
Flu-A-H3N2	roundab/frag/neb+rlb/neg	0.07254	42	0.00000	0	13290	579	2
RSV-A	roundab/frag/neb+rlb/neg	0.04206	27	0.00000	0	14855	642	1
HPIV-2	roundab/frag/neb+rlb/neg	0.03875	26	0.00000	0	15654	671	1
AdV-3	roundab/frag/neb+rlb/neg	0.02335	36	0.00000	0	35072	1542	1
HPIV-4	roundab/frag/neb+rlb/neg	0.01769	13	0.00000	0	17132	735	1
HPIV-1	roundab/frag/neb+rlb/neg	0.01620	11	0.00000	0	15412	679	1
AdV-31	roundab/frag/neb+rlb/neg	0.01156	17	0.00000	0	33755	1470	1
Flu-A-H1N1-NC	roundab/frag/neb+rlb/neg	0.00522	3	0.00000	0	13292	575	1
AdV-1	roundab/frag/neb+rlb/neg	0.00000	0	0.00000	0	35676	1539	0
Flu-A-H1N1-NY	roundab/frag/neb+rlb/neg	0.00000	0	0.00000	0	13130	572	0
Flu-B	roundab/frag/neb+rlb/neg	0.00000	0	0.00000	0	14222	617	0
HMPV	roundab/frag/neb+rlb/neg	0.00000	0	0.00000	0	13149	566	0
HRV-1A	roundab/frag/neb+rlb/neg	0.00000	0	0.00000	0	7096	314	0
SARS-CoV-2	roundab/frag/neb+rlb/neg	0.00000	0	0.00000	0	29778	1316	0
HCoV-229E	roundab/frag/neb+rlb/neg	0.00000	0	0.00000	0	26841	1163	0
TOTAL	roundab/frag/neb+rlb/neg	0.01656	226	0.00000	0	0	13651	1
HPIV-2	smart9n/full/neb/1	1.00000	671	0.99702	669	15654	671	243
AdV-3	smart9n/full/neb/1	0.99546	1535	0.99157	1529	35072	1542	633
HPIV-3	smart9n/full/neb/1	0.99404	667	0.99404	667	15382	671	262
HMPV	smart9n/full/neb/1	0.98410	557	0.97527	552	13149	566	121
HRV-1A	smart9n/full/neb/1	0.96815	304	0.96815	304	7096	314	250
Flu-B	smart9n/full/neb/1	0.95300	588	0.93193	575	14222	617	128
SARS-CoV-2	smart9n/full/neb/1	0.93921	1236	0.81383	1071	29778	1316	53
HCoV-229E	smart9n/full/neb/1	0.90112	1048	0.86071	1001	26841	1163	54
RSV-A	smart9n/full/neb/1	0.89408	574	0.71807	461	14855	642	42
Flu-A-H1N1-NC	smart9n/full/neb/1	0.88696	510	0.87304	502	13292	575	278
Flu-A-H1N1-NY	smart9n/full/neb/1	0.87587	501	0.82867	474	13130	572	200
AdV-1	smart9n/full/neb/1	0.86875	1337	0.82456	1269	35676	1539	240
HPIV-1	smart9n/full/neb/1	0.81591	554	0.71576	486	15412	679	75
Flu-A-H3N2	smart9n/full/neb/1	0.72712	421	0.67703	392	13290	579	200
AdV-31	smart9n/full/neb/1	0.60884	895	0.56259	827	33755	1470	440
HPIV-4	smart9n/full/neb/1	0.57959	426	0.40408	297	17132	735	18
TOTAL	smart9n/full/neb/1	0.86616	11824	0.81137	11076	0	13651	232
HPIV-2	smart9n/full/neb/2	1.00000	671	0.99702	669	15654	671	127
AdV-3	smart9n/full/neb/2	0.99481	1534	0.98638	1521	35072	1542	347
HPIV-3	smart9n/full/neb/2	0.99404	667	0.99404	667	15382	671	129
HMPV	smart9n/full/neb/2	0.98587	558	0.93993	532	13149	566	74
HRV-1A	smart9n/full/neb/2	0.97452	306	0.95541	300	7096	314	138
Flu-B	smart9n/full/neb/2	0.94976	586	0.91734	566	14222	617	60
SARS-CoV-2	smart9n/full/neb/2	0.93085	1225	0.71505	941	29778	1316	30
HCoV-229E	smart9n/full/neb/2	0.92089	1071	0.81169	944	26841	1163	39
Flu-A-H1N1-NC	smart9n/full/neb/2	0.90435	520	0.87652	504	13292	575	169
Flu-A-H1N1-NY	smart9n/full/neb/2	0.88112	504	0.84615	484	13130	572	106
AdV-1	smart9n/full/neb/2	0.86355	1329	0.82846	1275	35676	1539	158
RSV-A	smart9n/full/neb/2	0.80530	517	0.57477	369	14855	642	22
Flu-A-H3N2	smart9n/full/neb/2	0.80484	466	0.72712	421	13290	579	102
HPIV-1	smart9n/full/neb/2	0.78056	530	0.62592	425	15412	679	30
HPIV-4	smart9n/full/neb/2	0.71020	522	0.29388	216	17132	735	8
AdV-31	smart9n/full/neb/2	0.59864	880	0.51361	755	33755	1470	304
TOTAL	smart9n/full/neb/2	0.87071	11886	0.77569	10589	0	13651	136
HPIV-3	smart9n/full/neb/neg	0.72429	486	0.00000	0	15382	671	2
AdV-3	smart9n/full/neb/neg	0.62776	968	0.00649	10	35072	1542	2
HPIV-2	smart9n/full/neb/neg	0.56334	378	0.00000	0	15654	671	1
Flu-A-H1N1-NC	smart9n/full/neb/neg	0.44696	257	0.00000	0	13292	575	2
HMPV	smart9n/full/neb/neg	0.34806	197	0.00000	0	13149	566	1
AdV-31	smart9n/full/neb/neg	0.31224	459	0.00272	4	33755	1470	2
AdV-1	smart9n/full/neb/neg	0.23327	359	0.00130	2	35676	1539	1
Flu-A-H3N2	smart9n/full/neb/neg	0.22280	129	0.00173	1	13290	579	2
HRV-1A	smart9n/full/neb/neg	0.20701	65	0.00000	0	7096	314	2
Flu-A-H1N1-NY	smart9n/full/neb/neg	0.15385	88	0.00000	0	13130	572	2
HPIV-1	smart9n/full/neb/neg	0.14875	101	0.00000	0	15412	679	1
HCoV-229E	smart9n/full/neb/neg	0.13586	158	0.00000	0	26841	1163	2
SARS-CoV-2	smart9n/full/neb/neg	0.13450	177	0.00000	0	29778	1316	2
Flu-B	smart9n/full/neb/neg	0.12642	78	0.00000	0	14222	617	1
RSV-A	smart9n/full/neb/neg	0.11526	74	0.00000	0	14855	642	1
HPIV-4	smart9n/full/neb/neg	0.00816	6	0.00000	0	17132	735	4
TOTAL	smart9n/full/neb/neg	0.29155	3980	0.00117	16	0	13651	2
HPIV-3	smart9n/full/rlb/1	0.75708	508	0.00894	6	15382	671	2
AdV-3	smart9n/full/rlb/1	0.74189	1144	0.00130	2	35072	1542	2
HPIV-2	smart9n/full/rlb/1	0.66915	449	0.00000	0	15654	671	2
Flu-B	smart9n/full/rlb/1	0.40357	249	0.00000	0	14222	617	2
AdV-1	smart9n/full/rlb/1	0.38661	595	0.00390	6	35676	1539	2
Flu-A-H3N2	smart9n/full/rlb/1	0.36615	212	0.00173	1	13290	579	2
Flu-A-H1N1-NC	smart9n/full/rlb/1	0.36348	209	0.00000	0	13292	575	2
RSV-A	smart9n/full/rlb/1	0.32710	210	0.00000	0	14855	642	2
AdV-31	smart9n/full/rlb/1	0.31224	459	0.00000	0	33755	1470	2
Flu-A-H1N1-NY	smart9n/full/rlb/1	0.27797	159	0.00000	0	13130	572	1
HMPV	smart9n/full/rlb/1	0.25972	147	0.00000	0	13149	566	1
HRV-1A	smart9n/full/rlb/1	0.22293	70	0.00000	0	7096	314	1
HPIV-1	smart9n/full/rlb/1	0.21502	146	0.00000	0	15412	679	2
SARS-CoV-2	smart9n/full/rlb/1	0.21125	278	0.00000	0	29778	1316	1
HCoV-229E	smart9n/full/rlb/1	0.08684	101	0.00000	0	26841	1163	1
HPIV-4	smart9n/full/rlb/1	0.05714	42	0.00000	0	17132	735	1
TOTAL	smart9n/full/rlb/1	0.36466	4978	0.00110	15	0	13651	2
AdV-3	smart9n/full/rlb/2	0.72633	1120	0.00195	3	35072	1542	2
HPIV-3	smart9n/full/rlb/2	0.62146	417	0.00000	0	15382	671	2
HPIV-2	smart9n/full/rlb/2	0.60358	405	0.00298	2	15654	671	2
HRV-1A	smart9n/full/rlb/2	0.49045	154	0.00000	0	7096	314	2
AdV-1	smart9n/full/rlb/2	0.34113	525	0.00390	6	35676	1539	2
AdV-31	smart9n/full/rlb/2	0.28571	420	0.00204	3	33755	1470	2
Flu-A-H3N2	smart9n/full/rlb/2	0.28325	164	0.00000	0	13290	579	1
Flu-A-H1N1-NY	smart9n/full/rlb/2	0.28322	162	0.00000	0	13130	572	1
Flu-A-H1N1-NC	smart9n/full/rlb/2	0.24870	143	0.00000	0	13292	575	1
HMPV	smart9n/full/rlb/2	0.24382	138	0.00000	0	13149	566	1
Flu-B	smart9n/full/rlb/2	0.18476	114	0.00000	0	14222	617	1
HPIV-1	smart9n/full/rlb/2	0.13255	90	0.00000	0	15412	679	1
HCoV-229E	smart9n/full/rlb/2	0.12124	141	0.00000	0	26841	1163	1
HPIV-4	smart9n/full/rlb/2	0.08435	62	0.00000	0	17132	735	1
RSV-A	smart9n/full/rlb/2	0.06854	44	0.00000	0	14855	642	2
SARS-CoV-2	smart9n/full/rlb/2	0.04255	56	0.00000	0	29778	1316	1
TOTAL	smart9n/full/rlb/2	0.30437	4155	0.00103	14	0	13651	2
AdV-3	smart9n/full/rlb/neg	0.56031	864	0.00000	0	35072	1542	2
HPIV-3	smart9n/full/rlb/neg	0.48435	325	0.00000	0	15382	671	1
HPIV-2	smart9n/full/rlb/neg	0.41878	281	0.00000	0	15654	671	1
HRV-1A	smart9n/full/rlb/neg	0.41083	129	0.00000	0	7096	314	1
AdV-1	smart9n/full/rlb/neg	0.29240	450	0.00000	0	35676	1539	1
AdV-31	smart9n/full/rlb/neg	0.28980	426	0.00000	0	33755	1470	2
Flu-A-H1N1-NC	smart9n/full/rlb/neg	0.21391	123	0.00000	0	13292	575	1
Flu-A-H3N2	smart9n/full/rlb/neg	0.20553	119	0.00000	0	13290	579	1
HMPV	smart9n/full/rlb/neg	0.20495	116	0.00000	0	13149	566	1
Flu-A-H1N1-NY	smart9n/full/rlb/neg	0.19580	112	0.00000	0	13130	572	1
SARS-CoV-2	smart9n/full/rlb/neg	0.17629	232	0.00000	0	29778	1316	1
RSV-A	smart9n/full/rlb/neg	0.12461	80	0.00000	0	14855	642	2
HPIV-1	smart9n/full/rlb/neg	0.12371	84	0.00000	0	15412	679	1
HCoV-229E	smart9n/full/rlb/neg	0.08255	96	0.00000	0	26841	1163	1
Flu-B	smart9n/full/rlb/neg	0.07780	48	0.00000	0	14222	617	1
HPIV-4	smart9n/full/rlb/neg	0.07755	57	0.00000	0	17132	735	2
TOTAL	smart9n/full/rlb/neg	0.25947	3542	0.00000	0	0	13651	1
HPIV-2	smart9n/full/neb+rlb/1	0.99106	665	0.62295	418	15654	671	11
HPIV-3	smart9n/full/neb+rlb/1	0.98510	661	0.40984	275	15382	671	8
AdV-3	smart9n/full/neb+rlb/1	0.98314	1516	0.78405	1209	35072	1542	22
HMPV	smart9n/full/neb+rlb/1	0.96996	549	0.31625	179	13149	566	7
HRV-1A	smart9n/full/neb+rlb/1	0.95860	301	0.46178	145	7096	314	9
Flu-B	smart9n/full/neb+rlb/1	0.89303	551	0.10535	65	14222	617	4
Flu-A-H1N1-NC	smart9n/full/neb+rlb/1	0.81217	467	0.40000	230	13292	575	9
AdV-1	smart9n/full/neb+rlb/1	0.78363	1206	0.40806	628	35676	1539	10
Flu-A-H1N1-NY	smart9n/full/neb+rlb/1	0.75699	433	0.23252	133	13130	572	6
SARS-CoV-2	smart9n/full/neb+rlb/1	0.68921	907	0.00760	10	29778	1316	2
RSV-A	smart9n/full/neb+rlb/1	0.67445	433	0.12461	80	14855	642	4
Flu-A-H3N2	smart9n/full/neb+rlb/1	0.61313	355	0.31952	185	13290	579	10
HCoV-229E	smart9n/full/neb+rlb/1	0.57954	674	0.01118	13	26841	1163	2
HPIV-1	smart9n/full/neb+rlb/1	0.54639	371	0.05744	39	15412	679	3
AdV-31	smart9n/full/neb+rlb/1	0.53401	785	0.35510	522	33755	1470	17
HPIV-4	smart9n/full/neb+rlb/1	0.32925	242	0.00816	6	17132	735	1
TOTAL	smart9n/full/neb+rlb/1	0.74104	10116	0.30305	4137	0	13651	9
HPIV-2	smart9n/full/neb+rlb/2	0.99106	665	0.46051	309	15654	671	9
HPIV-3	smart9n/full/neb+rlb/2	0.97765	656	0.43517	292	15382	671	9
AdV-3	smart9n/full/neb+rlb/2	0.96952	1495	0.77497	1195	35072	1542	21
HRV-1A	smart9n/full/neb+rlb/2	0.92038	289	0.56688	178	7096	314	11
HMPV	smart9n/full/neb+rlb/2	0.86396	489	0.14488	82	13149	566	5
Flu-B	smart9n/full/neb+rlb/2	0.85413	527	0.15397	95	14222	617	5
Flu-A-H1N1-NC	smart9n/full/neb+rlb/2	0.80696	464	0.51652	297	13292	575	13
AdV-1	smart9n/full/neb+rlb/2	0.77063	1186	0.39181	603	35676	1539	10
RSV-A	smart9n/full/neb+rlb/2	0.72741	467	0.07632	49	14855	642	3
Flu-A-H1N1-NY	smart9n/full/neb+rlb/2	0.71853	411	0.30944	177	13130	572	8
HCoV-229E	smart9n/full/neb+rlb/2	0.69390	807	0.01118	13	26841	1163	2
SARS-CoV-2	smart9n/full/neb+rlb/2	0.64818	853	0.00076	1	29778	1316	2
Flu-A-H3N2	smart9n/full/neb+rlb/2	0.60449	350	0.33851	196	13290	579	11
AdV-31	smart9n/full/neb+rlb/2	0.56259	827	0.36939	543	33755	1470	17
HPIV-1	smart9n/full/neb+rlb/2	0.51988	353	0.05302	36	15412	679	2
HPIV-4	smart9n/full/neb+rlb/2	0.23537	173	0.00816	6	17132	735	2
TOTAL	smart9n/full/neb+rlb/2	0.73343	10012	0.29829	4072	0	13651	9
HPIV-2	smart9n/frag/neb/1	0.99851	670	0.99851	670	15654	671	461
AdV-3	smart9n/frag/neb/1	0.99546	1535	0.98703	1522	35072	1542	1193
HPIV-3	smart9n/frag/neb/1	0.99404	667	0.99404	667	15382	671	478
HMPV	smart9n/frag/neb/1	0.97527	552	0.96643	547	13149	566	249
HRV-1A	smart9n/frag/neb/1	0.96815	304	0.94904	298	7096	314	374
Flu-B	smart9n/frag/neb/1	0.95138	587	0.93355	576	14222	617	188
SARS-CoV-2	smart9n/frag/neb/1	0.92553	1218	0.80927	1065	29778	1316	70
HCoV-229E	smart9n/frag/neb/1	0.92089	1071	0.80138	932	26841	1163	84
Flu-A-H1N1-NC	smart9n/frag/neb/1	0.88696	510	0.82087	472	13292	575	502
RSV-A	smart9n/frag/neb/1	0.88318	567	0.71028	456	14855	642	66
AdV-1	smart9n/frag/neb/1	0.86030	1324	0.81546	1255	35676	1539	417
Flu-A-H1N1-NY	smart9n/frag/neb/1	0.81643	467	0.76399	437	13130	572	373
HPIV-1	smart9n/frag/neb/1	0.80707	548	0.75258	511	15412	679	113
Flu-A-H3N2	smart9n/frag/neb/1	0.73402	425	0.66839	387	13290	579	412
HPIV-4	smart9n/frag/neb/1	0.67211	494	0.43810	322	17132	735	34
AdV-31	smart9n/frag/neb/1	0.65102	957	0.57347	843	33755	1470	648
TOTAL	smart9n/frag/neb/1	0.87144	11896	0.80287	10960	0	13651	404
HPIV-2	smart9n/frag/neb/2	1.00000	671	1.00000	671	15654	671	282
AdV-3	smart9n/frag/neb/2	0.99546	1535	0.98898	1525	35072	1542	508
HPIV-3	smart9n/frag/neb/2	0.99404	667	0.99404	667	15382	671	250
HMPV	smart9n/frag/neb/2	0.97527	552	0.96466	546	13149	566	97
Flu-B	smart9n/frag/neb/2	0.95786	591	0.94165	581	14222	617	122
HRV-1A	smart9n/frag/neb/2	0.93631	294	0.93312	293	7096	314	222
RSV-A	smart9n/frag/neb/2	0.93614	601	0.80062	514	14855	642	55
Flu-A-H1N1-NC	smart9n/frag/neb/2	0.92522	532	0.90783	522	13292	575	230
SARS-CoV-2	smart9n/frag/neb/2	0.92401	1216	0.82067	1080	29778	1316	44
HCoV-229E	smart9n/frag/neb/2	0.89682	1043	0.75150	874	26841	1163	49
AdV-1	smart9n/frag/neb/2	0.85705	1319	0.80767	1243	35676	1539	211
Flu-A-H1N1-NY	smart9n/frag/neb/2	0.81993	469	0.78846	451	13130	572	176
HPIV-1	smart9n/frag/neb/2	0.79529	540	0.77614	527	15412	679	66
HPIV-4	smart9n/frag/neb/2	0.74558	548	0.64762	476	17132	735	32
Flu-A-H3N2	smart9n/frag/neb/2	0.69603	403	0.67185	389	13290	579	212
AdV-31	smart9n/frag/neb/2	0.65714	966	0.56939	837	33755	1470	351
TOTAL	smart9n/frag/neb/2	0.87517	11947	0.82016	11196	0	13651	202
HPIV-2	smart9n/frag/rlb/1	0.58122	390	0.00000	0	15654	671	2
AdV-3	smart9n/frag/rlb/1	0.57069	880	0.00000	0	35072	1542	2
HPIV-3	smart9n/frag/rlb/1	0.44262	297	0.00000	0	15382	671	1
AdV-1	smart9n/frag/rlb/1	0.34698	534	0.00000	0	35676	1539	1
Flu-A-H1N1-NC	smart9n/frag/rlb/1	0.33913	195	0.00000	0	13292	575	2
HMPV	smart9n/frag/rlb/1	0.31979	181	0.00000	0	13149	566	1
AdV-31	smart9n/frag/rlb/1	0.28435	418	0.00000	0	33755	1470	2
Flu-A-H1N1-NY	smart9n/frag/rlb/1	0.27273	156	0.00000	0	13130	572	1
Flu-A-H3N2	smart9n/frag/rlb/1	0.26425	153	0.00000	0	13290	579	1
HPIV-1	smart9n/frag/rlb/1	0.22828	155	0.00000	0	15412	679	1
SARS-CoV-2	smart9n/frag/rlb/1	0.19833	261	0.00000	0	29778	1316	1
Flu-B	smart9n/frag/rlb/1	0.15883	98	0.00000	0	14222	617	1
HRV-1A	smart9n/frag/rlb/1	0.14013	44	0.00000	0	7096	314	1
RSV-A	smart9n/frag/rlb/1	0.05296	34	0.00000	0	14855	642	1
HCoV-229E	smart9n/frag/rlb/1	0.04557	53	0.00000	0	26841	1163	1
HPIV-4	smart9n/frag/rlb/1	0.00952	7	0.00000	0	17132	735	3
TOTAL	smart9n/frag/rlb/1	0.28247	3856	0.00000	0	0	13651	1
AdV-3	smart9n/frag/rlb/2	0.61673	951	0.00065	1	35072	1542	2
HPIV-3	smart9n/frag/rlb/2	0.60060	403	0.00000	0	15382	671	1
HPIV-2	smart9n/frag/rlb/2	0.48733	327	0.00000	0	15654	671	1
HMPV	smart9n/frag/rlb/2	0.40813	231	0.00000	0	13149	566	1
HRV-1A	smart9n/frag/rlb/2	0.40764	128	0.00000	0	7096	314	1
HPIV-1	smart9n/frag/rlb/2	0.34168	232	0.00000	0	15412	679	1
Flu-A-H1N1-NC	smart9n/frag/rlb/2	0.32870	189	0.00000	0	13292	575	2
AdV-1	smart9n/frag/rlb/2	0.31774	489	0.00000	0	35676	1539	1
Flu-A-H1N1-NY	smart9n/frag/rlb/2	0.25524	146	0.00000	0	13130	572	1
Flu-A-H3N2	smart9n/frag/rlb/2	0.25216	146	0.00173	1	13290	579	2
AdV-31	smart9n/frag/rlb/2	0.24830	365	0.00000	0	33755	1470	1
RSV-A	smart9n/frag/rlb/2	0.21651	139	0.00000	0	14855	642	1
SARS-CoV-2	smart9n/frag/rlb/2	0.14894	196	0.00000	0	29778	1316	1
HPIV-4	smart9n/frag/rlb/2	0.13333	98	0.00000	0	17132	735	1
HCoV-229E	smart9n/frag/rlb/2	0.10404	121	0.00000	0	26841	1163	1
Flu-B	smart9n/frag/rlb/2	0.03241	20	0.00000	0	14222	617	2
TOTAL	smart9n/frag/rlb/2	0.30628	4181	0.00015	2	0	13651	1
HPIV-2	smart9n/frag/neb+rlb/1	0.87779	589	0.03130	21	15654	671	3
HPIV-3	smart9n/frag/neb+rlb/1	0.86885	583	0.00596	4	15382	671	2
AdV-3	smart9n/frag/neb+rlb/1	0.73671	1136	0.03632	56	35072	1542	4
HRV-1A	smart9n/frag/neb+rlb/1	0.62420	196	0.00000	0	7096	314	2
Flu-A-H1N1-NC	smart9n/frag/neb+rlb/1	0.53391	307	0.00870	5	13292	575	2
AdV-1	smart9n/frag/neb+rlb/1	0.46069	709	0.00130	2	35676	1539	2
AdV-31	smart9n/frag/neb+rlb/1	0.45510	669	0.01769	26	33755	1470	3
Flu-A-H1N1-NY	smart9n/frag/neb+rlb/1	0.38811	222	0.00175	1	13130	572	2
HCoV-229E	smart9n/frag/neb+rlb/1	0.38005	442	0.00000	0	26841	1163	1
HMPV	smart9n/frag/neb+rlb/1	0.35866	203	0.00000	0	13149	566	2
Flu-B	smart9n/frag/neb+rlb/1	0.35170	217	0.00000	0	14222	617	1
Flu-A-H3N2	smart9n/frag/neb+rlb/1	0.30570	177	0.00173	1	13290	579	2
RSV-A	smart9n/frag/neb+rlb/1	0.25545	164	0.00312	2	14855	642	2
HPIV-1	smart9n/frag/neb+rlb/1	0.21944	149	0.00000	0	15412	679	1
HPIV-4	smart9n/frag/neb+rlb/1	0.07891	58	0.00000	0	17132	735	1
SARS-CoV-2	smart9n/frag/neb+rlb/1	0.07827	103	0.00000	0	29778	1316	1
TOTAL	smart9n/frag/neb+rlb/1	0.43396	5924	0.00864	118	0	13651	2
AdV-3	smart9n/frag/neb+rlb/2	0.52529	810	0.00195	3	35072	1542	2
HPIV-2	smart9n/frag/neb+rlb/2	0.50224	337	0.00447	3	15654	671	2
HPIV-3	smart9n/frag/neb+rlb/2	0.49925	335	0.00000	0	15382	671	2
Flu-A-H1N1-NC	smart9n/frag/neb+rlb/2	0.40000	230	0.00000	0	13292	575	1
HRV-1A	smart9n/frag/neb+rlb/2	0.36624	115	0.00000	0	7096	314	1
AdV-31	smart9n/frag/neb+rlb/2	0.27007	397	0.00204	3	33755	1470	2
AdV-1	smart9n/frag/neb+rlb/2	0.26576	409	0.00000	0	35676	1539	1
Flu-A-H1N1-NY	smart9n/frag/neb+rlb/2	0.25874	148	0.00000	0	13130	572	1
SARS-CoV-2	smart9n/frag/neb+rlb/2	0.22644	298	0.00000	0	29778	1316	1
Flu-A-H3N2	smart9n/frag/neb+rlb/2	0.21934	127	0.00173	1	13290	579	1
Flu-B	smart9n/frag/neb+rlb/2	0.15883	98	0.00000	0	14222	617	1
HPIV-1	smart9n/frag/neb+rlb/2	0.15758	107	0.00000	0	15412	679	1
HCoV-229E	smart9n/frag/neb+rlb/2	0.15305	178	0.00000	0	26841	1163	1
HMPV	smart9n/frag/neb+rlb/2	0.11131	63	0.00000	0	13149	566	1
RSV-A	smart9n/frag/neb+rlb/2	0.10436	67	0.00000	0	14855	642	1
HPIV-4	smart9n/frag/neb+rlb/2	0.00816	6	0.00000	0	17132	735	4
TOTAL	smart9n/frag/neb+rlb/2	0.27287	3725	0.00073	10	0	13651	1
HPIV-2	smart9n/full+frag/neb/1	1.00000	671	1.00000	671	15654	671	309
AdV-3	smart9n/full+frag/neb/1	0.99611	1536	0.98638	1521	35072	1542	671
HPIV-3	smart9n/full+frag/neb/1	0.99404	667	0.99404	667	15382	671	251
HMPV	smart9n/full+frag/neb/1	0.98057	555	0.97880	554	13149	566	120
HRV-1A	smart9n/full+frag/neb/1	0.97771	307	0.96178	302	7096	314	268
SARS-CoV-2	smart9n/full+frag/neb/1	0.96505	1270	0.87766	1155	29778	1316	50
Flu-B	smart9n/full+frag/neb/1	0.95300	588	0.91734	566	14222	617	104
RSV-A	smart9n/full+frag/neb/1	0.90966	584	0.83489	536	14855	642	41
Flu-A-H1N1-NC	smart9n/full+frag/neb/1	0.90783	522	0.79652	458	13292	575	310
HCoV-229E	smart9n/full+frag/neb/1	0.90714	1055	0.82287	957	26841	1163	58
Flu-A-H1N1-NY	smart9n/full+frag/neb/1	0.88112	504	0.84266	482	13130	572	208
AdV-1	smart9n/full+frag/neb/1	0.85835	1321	0.80247	1235	35676	1539	260
HPIV-1	smart9n/full+frag/neb/1	0.80707	548	0.78498	533	15412	679	83
Flu-A-H3N2	smart9n/full+frag/neb/1	0.79965	463	0.60967	353	13290	579	147
AdV-31	smart9n/full+frag/neb/1	0.61565	905	0.54014	794	33755	1470	427
HPIV-4	smart9n/full+frag/neb/1	0.57687	424	0.36599	269	17132	735	20
TOTAL	smart9n/full+frag/neb/1	0.87320	11920	0.80968	11053	0	13651	239
HPIV-2	smart9n/full+frag/neb/2	1.00000	671	1.00000	671	15654	671	603
AdV-3	smart9n/full+frag/neb/2	0.99611	1536	0.99287	1531	35072	1542	1138
HPIV-3	smart9n/full+frag/neb/2	0.99404	667	0.99404	667	15382	671	429
HMPV	smart9n/full+frag/neb/2	0.98587	558	0.97880	554	13149	566	230
HRV-1A	smart9n/full+frag/neb/2	0.97452	306	0.97452	306	7096	314	434
SARS-CoV-2	smart9n/full+frag/neb/2	0.96960	1276	0.91413	1203	29778	1316	84
Flu-B	smart9n/full+frag/neb/2	0.95462	589	0.94327	582	14222	617	189
Flu-A-H1N1-NC	smart9n/full+frag/neb/2	0.93043	535	0.90087	518	13292	575	478
RSV-A	smart9n/full+frag/neb/2	0.92056	591	0.86137	553	14855	642	58
HCoV-229E	smart9n/full+frag/neb/2	0.91316	1062	0.89940	1046	26841	1163	119
Flu-A-H1N1-NY	smart9n/full+frag/neb/2	0.87063	498	0.84615	484	13130	572	326
AdV-1	smart9n/full+frag/neb/2	0.84081	1294	0.79337	1221	35676	1539	504
HPIV-1	smart9n/full+frag/neb/2	0.81296	552	0.72459	492	15412	679	107
Flu-A-H3N2	smart9n/full+frag/neb/2	0.78584	455	0.73230	424	13290	579	390
HPIV-4	smart9n/full+frag/neb/2	0.73741	542	0.59456	437	17132	735	32
AdV-31	smart9n/full+frag/neb/2	0.66327	975	0.60068	883	33755	1470	750
TOTAL	smart9n/full+frag/neb/2	0.88689	12107	0.84763	11571	0	13651	423
HPIV-2	smart9n/full+frag/rlb/1	0.66617	447	0.00596	4	15654	671	2
AdV-3	smart9n/full+frag/rlb/1	0.66213	1021	0.00195	3	35072	1542	2
HRV-1A	smart9n/full+frag/rlb/1	0.55414	174	0.00000	0	7096	314	1
HPIV-3	smart9n/full+frag/rlb/1	0.51267	344	0.00000	0	15382	671	2
Flu-A-H1N1-NC	smart9n/full+frag/rlb/1	0.32000	184	0.00000	0	13292	575	2
AdV-1	smart9n/full+frag/rlb/1	0.30214	465	0.00000	0	35676	1539	1
AdV-31	smart9n/full+frag/rlb/1	0.29660	436	0.00136	2	33755	1470	2
Flu-A-H3N2	smart9n/full+frag/rlb/1	0.29534	171	0.00173	1	13290	579	2
RSV-A	smart9n/full+frag/rlb/1	0.24143	155	0.00156	1	14855	642	2
Flu-B	smart9n/full+frag/rlb/1	0.23339	144	0.00000	0	14222	617	2
HPIV-1	smart9n/full+frag/rlb/1	0.21797	148	0.00000	0	15412	679	1
Flu-A-H1N1-NY	smart9n/full+frag/rlb/1	0.16783	96	0.00000	0	13130	572	2
SARS-CoV-2	smart9n/full+frag/rlb/1	0.15805	208	0.00000	0	29778	1316	1
HCoV-229E	smart9n/full+frag/rlb/1	0.11092	129	0.00000	0	26841	1163	1
HMPV	smart9n/full+frag/rlb/1	0.08481	48	0.00000	0	13149	566	1
HPIV-4	smart9n/full+frag/rlb/1	0.06667	49	0.00000	0	17132	735	1
TOTAL	smart9n/full+frag/rlb/1	0.30906	4219	0.00073	10	0	13651	2
HPIV-2	smart9n/full+frag/rlb/2	0.84948	570	0.00000	0	15654	671	2
AdV-3	smart9n/full+frag/rlb/2	0.80674	1244	0.02464	38	35072	1542	3
HPIV-3	smart9n/full+frag/rlb/2	0.66319	445	0.00000	0	15382	671	2
HRV-1A	smart9n/full+frag/rlb/2	0.51911	163	0.00000	0	7096	314	2
Flu-A-H1N1-NC	smart9n/full+frag/rlb/2	0.47304	272	0.00000	0	13292	575	2
AdV-1	smart9n/full+frag/rlb/2	0.45354	698	0.00325	5	35676	1539	2
AdV-31	smart9n/full+frag/rlb/2	0.40340	593	0.02313	34	33755	1470	2
HMPV	smart9n/full+frag/rlb/2	0.34276	194	0.00000	0	13149	566	2
HPIV-1	smart9n/full+frag/rlb/2	0.32842	223	0.00000	0	15412	679	1
Flu-A-H3N2	smart9n/full+frag/rlb/2	0.31434	182	0.00173	1	13290	579	2
Flu-A-H1N1-NY	smart9n/full+frag/rlb/2	0.31294	179	0.00000	0	13130	572	1
HCoV-229E	smart9n/full+frag/rlb/2	0.19862	231	0.00000	0	26841	1163	1
SARS-CoV-2	smart9n/full+frag/rlb/2	0.18617	245	0.00000	0	29778	1316	1
RSV-A	smart9n/full+frag/rlb/2	0.17445	112	0.00000	0	14855	642	1
Flu-B	smart9n/full+frag/rlb/2	0.14100	87	0.00000	0	14222	617	1
HPIV-4	smart9n/full+frag/rlb/2	0.09524	70	0.00000	0	17132	735	1
TOTAL	smart9n/full+frag/rlb/2	0.40349	5508	0.00571	78	0	13651	2
HPIV-3	smart9n/full+frag/neb+rlb/1	0.78390	526	0.00000	0	15382	671	2
AdV-3	smart9n/full+frag/neb+rlb/1	0.69844	1077	0.01362	21	35072	1542	3
Flu-A-H1N1-NC	smart9n/full+frag/neb+rlb/1	0.57391	330	0.00174	1	13292	575	1
HRV-1A	smart9n/full+frag/neb+rlb/1	0.57006	179	0.00000	0	7096	314	2
HPIV-2	smart9n/full+frag/neb+rlb/1	0.54098	363	0.00000	0	15654	671	2
AdV-1	smart9n/full+frag/neb+rlb/1	0.39766	612	0.00130	2	35676	1539	2
HMPV	smart9n/full+frag/neb+rlb/1	0.38339	217	0.00000	0	13149	566	1
AdV-31	smart9n/full+frag/neb+rlb/1	0.36735	540	0.00136	2	33755	1470	2
Flu-A-H1N1-NY	smart9n/full+frag/neb+rlb/1	0.36364	208	0.00000	0	13130	572	1
Flu-A-H3N2	smart9n/full+frag/neb+rlb/1	0.30743	178	0.00345	2	13290	579	2
Flu-B	smart9n/full+frag/neb+rlb/1	0.23015	142	0.00000	0	14222	617	1
RSV-A	smart9n/full+frag/neb+rlb/1	0.22897	147	0.00000	0	14855	642	1
HPIV-1	smart9n/full+frag/neb+rlb/1	0.19882	135	0.00000	0	15412	679	2
HCoV-229E	smart9n/full+frag/neb+rlb/1	0.16423	191	0.00000	0	26841	1163	1
SARS-CoV-2	smart9n/full+frag/neb+rlb/1	0.14590	192	0.00000	0	29778	1316	1
HPIV-4	smart9n/full+frag/neb+rlb/1	0.14014	103	0.00000	0	17132	735	1
TOTAL	smart9n/full+frag/neb+rlb/1	0.37653	5140	0.00198	27	0	13651	2
HPIV-3	smart9n/full+frag/neb+rlb/2	0.79881	536	0.00000	0	15382	671	2
AdV-3	smart9n/full+frag/neb+rlb/2	0.79702	1229	0.04540	70	35072	1542	3
HPIV-2	smart9n/full+frag/neb+rlb/2	0.77645	521	0.01788	12	15654	671	2
Flu-A-H1N1-NC	smart9n/full+frag/neb+rlb/2	0.50261	289	0.02087	12	13292	575	3
HRV-1A	smart9n/full+frag/neb+rlb/2	0.43631	137	0.00000	0	7096	314	2
AdV-1	smart9n/full+frag/neb+rlb/2	0.43145	664	0.00715	11	35676	1539	2
AdV-31	smart9n/full+frag/neb+rlb/2	0.41293	607	0.00952	14	33755	1470	2
HMPV	smart9n/full+frag/neb+rlb/2	0.38869	220	0.00000	0	13149	566	1
Flu-B	smart9n/full+frag/neb+rlb/2	0.36305	224	0.00000	0	14222	617	1
RSV-A	smart9n/full+frag/neb+rlb/2	0.32243	207	0.00156	1	14855	642	1
HPIV-1	smart9n/full+frag/neb+rlb/2	0.30928	210	0.00000	0	15412	679	1
SARS-CoV-2	smart9n/full+frag/neb+rlb/2	0.29787	392	0.00000	0	29778	1316	1
Flu-A-H3N2	smart9n/full+frag/neb+rlb/2	0.29534	171	0.01900	11	13290	579	2
Flu-A-H1N1-NY	smart9n/full+frag/neb+rlb/2	0.27273	156	0.00350	2	13130	572	1
HCoV-229E	smart9n/full+frag/neb+rlb/2	0.17799	207	0.00000	0	26841	1163	1
HPIV-4	smart9n/full+frag/neb+rlb/2	0.17007	125	0.00136	1	17132	735	1
TOTAL	smart9n/full+frag/neb+rlb/2	0.43184	5895	0.00974	133	0	13651	2
HPIV-2	roundabspike/full/neb/1	0.99255	666	0.99255	666	15654	671	1098
HPIV-3	roundabspike/full/neb/1	0.91952	617	0.80626	541	15382	671	694
HPIV-1	roundabspike/full/neb/1	0.65096	442	0.55376	376	15412	679	240
Flu-A-H1N1-NY	roundabspike/full/neb/1	0.62587	358	0.58916	337	13130	572	470
Flu-A-H1N1-NC	roundabspike/full/neb/1	0.61391	353	0.57043	328	13292	575	294
HRV-1A	roundabspike/full/neb/1	0.61146	192	0.60510	190	7096	314	670
AdV-3	roundabspike/full/neb/1	0.60830	938	0.53761	829	35072	1542	522
HMPV	roundabspike/full/neb/1	0.47880	271	0.43816	248	13149	566	181
Flu-A-H3N2	roundabspike/full/neb/1	0.44732	259	0.41796	242	13290	579	701
AdV-1	roundabspike/full/neb/1	0.39636	610	0.34503	531	35676	1539	342
Flu-B	roundabspike/full/neb/1	0.38412	237	0.28039	173	14222	617	291
RSV-A	roundabspike/full/neb/1	0.36293	233	0.31620	203	14855	642	158
AdV-31	roundabspike/full/neb/1	0.28435	418	0.25578	376	33755	1470	700
HPIV-4	roundabspike/full/neb/1	0.15374	113	0.03946	29	17132	735	7
HCoV-229E	roundabspike/full/neb/1	0.02322	27	0.00774	9	26841	1163	5
SARS-CoV-2	roundabspike/full/neb/1	0.00000	0	0.00000	0	29778	1316	0
TOTAL	roundabspike/full/neb/1	0.42004	5734	0.37191	5077	0	13651	379
Flu-A-H1N1-NY	roundabspike/full/neb/2	0.10664	61	0.00000	0	13130	572	1
HPIV-1	roundabspike/full/neb/2	0.10162	69	0.00000	0	15412	679	1
HPIV-2	roundabspike/full/neb/2	0.09836	66	0.00000	0	15654	671	1
AdV-3	roundabspike/full/neb/2	0.07912	122	0.00000	0	35072	1542	1
HPIV-3	roundabspike/full/neb/2	0.07154	48	0.00000	0	15382	671	2
Flu-A-H3N2	roundabspike/full/neb/2	0.06908	40	0.00518	3	13290	579	2
AdV-1	roundabspike/full/neb/2	0.05783	89	0.00000	0	35676	1539	1
Flu-A-H1N1-NC	roundabspike/full/neb/2	0.05391	31	0.00000	0	13292	575	1
AdV-31	roundabspike/full/neb/2	0.03673	54	0.00000	0	33755	1470	1
HPIV-4	roundabspike/full/neb/2	0.00680	5	0.00000	0	17132	735	1
Flu-B	roundabspike/full/neb/2	0.00648	4	0.00000	0	14222	617	1
HMPV	roundabspike/full/neb/2	0.00000	0	0.00000	0	13149	566	0
HRV-1A	roundabspike/full/neb/2	0.00000	0	0.00000	0	7096	314	0
RSV-A	roundabspike/full/neb/2	0.00000	0	0.00000	0	14855	642	0
SARS-CoV-2	roundabspike/full/neb/2	0.00000	0	0.00000	0	29778	1316	0
HCoV-229E	roundabspike/full/neb/2	0.00000	0	0.00000	0	26841	1163	0
TOTAL	roundabspike/full/neb/2	0.04315	589	0.00022	3	0	13651	1
HPIV-2	roundabspike/full/neb/3	0.88823	596	0.48882	328	15654	671	11
HPIV-3	roundabspike/full/neb/3	0.83159	558	0.31148	209	15382	671	7
HRV-1A	roundabspike/full/neb/3	0.65287	205	0.17834	56	7096	314	6
Flu-A-H1N1-NC	roundabspike/full/neb/3	0.58087	334	0.26609	153	13292	575	9
HPIV-1	roundabspike/full/neb/3	0.47128	320	0.09278	63	15412	679	5
AdV-3	roundabspike/full/neb/3	0.47017	725	0.22374	345	35072	1542	9
Flu-A-H1N1-NY	roundabspike/full/neb/3	0.38462	220	0.19406	111	13130	572	10
Flu-A-H3N2	roundabspike/full/neb/3	0.36960	214	0.17444	101	13290	579	9
HMPV	roundabspike/full/neb/3	0.34629	196	0.07244	41	13149	566	3
AdV-1	roundabspike/full/neb/3	0.29435	453	0.10656	164	35676	1539	6
RSV-A	roundabspike/full/neb/3	0.27414	176	0.07944	51	14855	642	5
AdV-31	roundabspike/full/neb/3	0.26667	392	0.12313	181	33755	1470	9
Flu-B	roundabspike/full/neb/3	0.23501	145	0.09724	60	14222	617	5
HPIV-4	roundabspike/full/neb/3	0.15374	113	0.03401	25	17132	735	4
HCoV-229E	roundabspike/full/neb/3	0.01548	18	0.00000	0	26841	1163	4
SARS-CoV-2	roundabspike/full/neb/3	0.00000	0	0.00000	0	29778	1316	0
TOTAL	roundabspike/full/neb/3	0.34173	4665	0.13823	1887	0	13651	6
HPIV-2	roundabspike/full/neb/neg	0.07154	48	0.00000	0	15654	671	1
Flu-A-H1N1-NY	roundabspike/full/neb/neg	0.05769	33	0.00000	0	13130	572	1
HPIV-3	roundabspike/full/neb/neg	0.03130	21	0.00000	0	15382	671	1
HPIV-4	roundabspike/full/neb/neg	0.02857	21	0.00000	0	17132	735	1
HPIV-1	roundabspike/full/neb/neg	0.02798	19	0.00000	0	15412	679	2
Flu-A-H3N2	roundabspike/full/neb/neg	0.02591	15	0.00000	0	13290	579	1
Flu-A-H1N1-NC	roundabspike/full/neb/neg	0.02261	13	0.00000	0	13292	575	1
AdV-3	roundabspike/full/neb/neg	0.01816	28	0.00000	0	35072	1542	1
AdV-1	roundabspike/full/neb/neg	0.00000	0	0.00000	0	35676	1539	0
AdV-31	roundabspike/full/neb/neg	0.00000	0	0.00000	0	33755	1470	0
Flu-B	roundabspike/full/neb/neg	0.00000	0	0.00000	0	14222	617	0
HMPV	roundabspike/full/neb/neg	0.00000	0	0.00000	0	13149	566	0
HRV-1A	roundabspike/full/neb/neg	0.00000	0	0.00000	0	7096	314	0
RSV-A	roundabspike/full/neb/neg	0.00000	0	0.00000	0	14855	642	0
SARS-CoV-2	roundabspike/full/neb/neg	0.00000	0	0.00000	0	29778	1316	0
HCoV-229E	roundabspike/full/neb/neg	0.00000	0	0.00000	0	26841	1163	0
TOTAL	roundabspike/full/neb/neg	0.01450	198	0.00000	0	0	13651	0
HPIV-2	roundabspike/frag/neb/1	0.97765	656	0.97615	655	15654	671	978
HPIV-3	roundabspike/frag/neb/1	0.90909	610	0.90909	610	15382	671	801
Flu-A-H1N1-NC	roundabspike/frag/neb/1	0.58435	336	0.53913	310	13292	575	892
HPIV-1	roundabspike/frag/neb/1	0.54786	372	0.49485	336	15412	679	412
AdV-3	roundabspike/frag/neb/1	0.50843	784	0.40726	628	35072	1542	182
HMPV	roundabspike/frag/neb/1	0.48410	274	0.47173	267	13149	566	515
HRV-1A	roundabspike/frag/neb/1	0.45541	143	0.33439	105	7096	314	574
Flu-A-H1N1-NY	roundabspike/frag/neb/1	0.39685	227	0.33217	190	13130	572	758
Flu-A-H3N2	roundabspike/frag/neb/1	0.37824	219	0.24870	144	13290	579	112
AdV-1	roundabspike/frag/neb/1	0.36257	558	0.26251	404	35676	1539	246
RSV-A	roundabspike/frag/neb/1	0.32866	211	0.28816	185	14855	642	416
Flu-B	roundabspike/frag/neb/1	0.28363	175	0.25932	160	14222	617	602
AdV-31	roundabspike/frag/neb/1	0.25238	371	0.20340	299	33755	1470	186
HPIV-4	roundabspike/frag/neb/1	0.19320	142	0.18503	136	17132	735	20
HCoV-229E	roundabspike/frag/neb/1	0.03869	45	0.03697	43	26841	1163	744
SARS-CoV-2	roundabspike/frag/neb/1	0.01292	17	0.01292	17	29778	1316	4057
TOTAL	roundabspike/frag/neb/1	0.37653	5140	0.32869	4487	0	13651	787
HPIV-3	roundabspike/frag/neb/2	0.11177	75	0.00000	0	15382	671	1
HPIV-2	roundabspike/frag/neb/2	0.08048	54	0.00000	0	15654	671	1
AdV-3	roundabspike/frag/neb/2	0.08042	124	0.00000	0	35072	1542	1
Flu-A-H3N2	roundabspike/frag/neb/2	0.05181	30	0.00518	3	13290	579	1
Flu-A-H1N1-NC	roundabspike/frag/neb/2	0.03826	22	0.00000	0	13292	575	1
AdV-31	roundabspike/frag/neb/2	0.03810	56	0.00000	0	33755	1470	1
HPIV-1	roundabspike/frag/neb/2	0.02651	18	0.00000	0	15412	679	1
AdV-1	roundabspike/frag/neb/2	0.01754	27	0.00000	0	35676	1539	1
Flu-B	roundabspike/frag/neb/2	0.00972	6	0.00000	0	14222	617	1
HPIV-4	roundabspike/frag/neb/2	0.00816	6	0.00000	0	17132	735	2
Flu-A-H1N1-NY	roundabspike/frag/neb/2	0.00000	0	0.00000	0	13130	572	0
HMPV	roundabspike/frag/neb/2	0.00000	0	0.00000	0	13149	566	0
HRV-1A	roundabspike/frag/neb/2	0.00000	0	0.00000	0	7096	314	0
RSV-A	roundabspike/frag/neb/2	0.00000	0	0.00000	0	14855	642	0
SARS-CoV-2	roundabspike/frag/neb/2	0.00000	0	0.00000	0	29778	1316	0
HCoV-229E	roundabspike/frag/neb/2	0.00000	0	0.00000	0	26841	1163	0
TOTAL	roundabspike/frag/neb/2	0.03062	418	0.00022	3	0	13651	1
HPIV-2	roundabspike/frag/neb/3	0.85395	573	0.46051	309	15654	671	11
HPIV-3	roundabspike/frag/neb/3	0.60060	403	0.38450	258	15382	671	15
HMPV	roundabspike/frag/neb/3	0.49823	282	0.14134	80	13149	566	5
AdV-3	roundabspike/frag/neb/3	0.42283	652	0.23152	357	35072	1542	11
Flu-A-H1N1-NC	roundabspike/frag/neb/3	0.41565	239	0.28696	165	13292	575	49
Flu-A-H3N2	roundabspike/frag/neb/3	0.27807	161	0.23143	134	13290	579	55
Flu-A-H1N1-NY	roundabspike/frag/neb/3	0.21329	122	0.11888	68	13130	572	24
AdV-31	roundabspike/frag/neb/3	0.20884	307	0.08299	122	33755	1470	7
Flu-B	roundabspike/frag/neb/3	0.19449	120	0.16856	104	14222	617	14
HPIV-1	roundabspike/frag/neb/3	0.18851	128	0.07658	52	15412	679	8
HRV-1A	roundabspike/frag/neb/3	0.17516	55	0.08280	26	7096	314	9
AdV-1	roundabspike/frag/neb/3	0.14685	226	0.05003	77	35676	1539	8
HPIV-4	roundabspike/frag/neb/3	0.14286	105	0.07755	57	17132	735	10
RSV-A	roundabspike/frag/neb/3	0.06075	39	0.05919	38	14855	642	38
HCoV-229E	roundabspike/frag/neb/3	0.01892	22	0.00000	0	26841	1163	3
SARS-CoV-2	roundabspike/frag/neb/3	0.00000	0	0.00000	0	29778	1316	0
TOTAL	roundabspike/frag/neb/3	0.25156	3434	0.13530	1847	0	13651	14
HPIV-3	roundabspike/frag/neb/neg	0.12519	84	0.00000	0	15382	671	1
HPIV-2	roundabspike/frag/neb/neg	0.10283	69	0.00000	0	15654	671	1
AdV-3	roundabspike/frag/neb/neg	0.01686	26	0.00000	0	35072	1542	1
HPIV-4	roundabspike/frag/neb/neg	0.00816	6	0.00000	0	17132	735	3
Flu-A-H3N2	roundabspike/frag/neb/neg	0.00518	3	0.00518	3	13290	579	348
AdV-1	roundabspike/frag/neb/neg	0.00455	7	0.00000	0	35676	1539	1
Flu-A-H1N1-NY	roundabspike/frag/neb/neg	0.00350	2	0.00000	0	13130	572	1
AdV-31	roundabspike/frag/neb/neg	0.00000	0	0.00000	0	33755	1470	0
Flu-A-H1N1-NC	roundabspike/frag/neb/neg	0.00000	0	0.00000	0	13292	575	0
Flu-B	roundabspike/frag/neb/neg	0.00000	0	0.00000	0	14222	617	0
HMPV	roundabspike/frag/neb/neg	0.00000	0	0.00000	0	13149	566	0
HPIV-1	roundabspike/frag/neb/neg	0.00000	0	0.00000	0	15412	679	0
HRV-1A	roundabspike/frag/neb/neg	0.00000	0	0.00000	0	7096	314	0
RSV-A	roundabspike/frag/neb/neg	0.00000	0	0.00000	0	14855	642	0
SARS-CoV-2	roundabspike/frag/neb/neg	0.00000	0	0.00000	0	29778	1316	0
HCoV-229E	roundabspike/frag/neb/neg	0.00000	0	0.00000	0	26841	1163	0
TOTAL	roundabspike/frag/neb/neg	0.01443	197	0.00022	3	0	13651	15
AdV-3	roundabspike/frag/rlb/1	0.39105	603	0.00000	0	35072	1542	1
AdV-1	roundabspike/frag/rlb/1	0.31449	484	0.00000	0	35676	1539	1
AdV-31	roundabspike/frag/rlb/1	0.19660	289	0.00000	0	33755	1470	1
Flu-A-H1N1-NC	roundabspike/frag/rlb/1	0.11826	68	0.00000	0	13292	575	1
Flu-A-H1N1-NY	roundabspike/frag/rlb/1	0.05070	29	0.00000	0	13130	572	1
HPIV-2	roundabspike/frag/rlb/1	0.04918	33	0.00000	0	15654	671	1
HPIV-3	roundabspike/frag/rlb/1	0.04918	33	0.00000	0	15382	671	1
RSV-A	roundabspike/frag/rlb/1	0.04517	29	0.00000	0	14855	642	1
Flu-A-H3N2	roundabspike/frag/rlb/1	0.04318	25	0.00000	0	13290	579	1
HRV-1A	roundabspike/frag/rlb/1	0.01592	5	0.00000	0	7096	314	1
Flu-B	roundabspike/frag/rlb/1	0.00000	0	0.00000	0	14222	617	0
HMPV	roundabspike/frag/rlb/1	0.00000	0	0.00000	0	13149	566	0
HPIV-1	roundabspike/frag/rlb/1	0.00000	0	0.00000	0	15412	679	0
HPIV-4	roundabspike/frag/rlb/1	0.00000	0	0.00000	0	17132	735	0
SARS-CoV-2	roundabspike/frag/rlb/1	0.00000	0	0.00000	0	29778	1316	0
HCoV-229E	roundabspike/frag/rlb/1	0.00000	0	0.00000	0	26841	1163	0
TOTAL	roundabspike/frag/rlb/1	0.11706	1598	0.00000	0	0	13651	1
HPIV-3	roundabspike/frag/rlb/2	0.09687	65	0.00000	0	15382	671	2
HPIV-2	roundabspike/frag/rlb/2	0.07750	52	0.00000	0	15654	671	1
Flu-A-H1N1-NC	roundabspike/frag/rlb/2	0.07130	41	0.00000	0	13292	575	1
HRV-1A	roundabspike/frag/rlb/2	0.06369	20	0.00000	0	7096	314	1
RSV-A	roundabspike/frag/rlb/2	0.05763	37	0.00000	0	14855	642	1
HPIV-1	roundabspike/frag/rlb/2	0.05007	34	0.00000	0	15412	679	1
AdV-1	roundabspike/frag/rlb/2	0.03249	50	0.02729	42	35676	1539	66
AdV-3	roundabspike/frag/rlb/2	0.02270	35	0.00000	0	35072	1542	1
Flu-A-H3N2	roundabspike/frag/rlb/2	0.02245	13	0.00345	2	13290	579	2
Flu-A-H1N1-NY	roundabspike/frag/rlb/2	0.01923	11	0.00000	0	13130	572	1
HPIV-4	roundabspike/frag/rlb/2	0.00816	6	0.00000	0	17132	735	2
AdV-31	roundabspike/frag/rlb/2	0.00612	9	0.00000	0	33755	1470	1
Flu-B	roundabspike/frag/rlb/2	0.00000	0	0.00000	0	14222	617	0
HMPV	roundabspike/frag/rlb/2	0.00000	0	0.00000	0	13149	566	0
SARS-CoV-2	roundabspike/frag/rlb/2	0.00000	0	0.00000	0	29778	1316	0
HCoV-229E	roundabspike/frag/rlb/2	0.00000	0	0.00000	0	26841	1163	0
TOTAL	roundabspike/frag/rlb/2	0.02732	373	0.00322	44	0	13651	8
HPIV-2	roundabspike/frag/rlb/3	0.13860	93	0.00000	0	15654	671	1
HPIV-1	roundabspike/frag/rlb/3	0.03829	26	0.00000	0	15412	679	1
RSV-A	roundabspike/frag/rlb/3	0.03738	24	0.00000	0	14855	642	2
HPIV-3	roundabspike/frag/rlb/3	0.03726	25	0.00000	0	15382	671	1
Flu-B	roundabspike/frag/rlb/3	0.03566	22	0.00000	0	14222	617	1
AdV-3	roundabspike/frag/rlb/3	0.02270	35	0.00000	0	35072	1542	1
AdV-1	roundabspike/frag/rlb/3	0.02209	34	0.00000	0	35676	1539	1
AdV-31	roundabspike/frag/rlb/3	0.01429	21	0.00000	0	33755	1470	1
Flu-A-H3N2	roundabspike/frag/rlb/3	0.00345	2	0.00000	0	13290	579	4
Flu-A-H1N1-NY	roundabspike/frag/rlb/3	0.00000	0	0.00000	0	13130	572	0
Flu-A-H1N1-NC	roundabspike/frag/rlb/3	0.00000	0	0.00000	0	13292	575	0
HMPV	roundabspike/frag/rlb/3	0.00000	0	0.00000	0	13149	566	0
HPIV-4	roundabspike/frag/rlb/3	0.00000	0	0.00000	0	17132	735	0
HRV-1A	roundabspike/frag/rlb/3	0.00000	0	0.00000	0	7096	314	0
SARS-CoV-2	roundabspike/frag/rlb/3	0.00000	0	0.00000	0	29778	1316	0
HCoV-229E	roundabspike/frag/rlb/3	0.00000	0	0.00000	0	26841	1163	0
TOTAL	roundabspike/frag/rlb/3	0.02066	282	0.00000	0	0	13651	1
AdV-3	roundabspike/frag/rlb/neg	0.03696	57	0.00000	0	35072	1542	1
Flu-A-H1N1-NC	roundabspike/frag/rlb/neg	0.02957	17	0.00000	0	13292	575	1
Flu-A-H3N2	roundabspike/frag/rlb/neg	0.02245	13	0.00000	0	13290	579	1
HPIV-2	roundabspike/frag/rlb/neg	0.01788	12	0.00000	0	15654	671	2
AdV-1	roundabspike/frag/rlb/neg	0.00000	0	0.00000	0	35676	1539	0
AdV-31	roundabspike/frag/rlb/neg	0.00000	0	0.00000	0	33755	1470	0
Flu-A-H1N1-NY	roundabspike/frag/rlb/neg	0.00000	0	0.00000	0	13130	572	0
Flu-B	roundabspike/frag/rlb/neg	0.00000	0	0.00000	0	14222	617	0
HMPV	roundabspike/frag/rlb/neg	0.00000	0	0.00000	0	13149	566	0
HPIV-1	roundabspike/frag/rlb/neg	0.00000	0	0.00000	0	15412	679	0
HPIV-3	roundabspike/frag/rlb/neg	0.00000	0	0.00000	0	15382	671	0
HPIV-4	roundabspike/frag/rlb/neg	0.00000	0	0.00000	0	17132	735	0
HRV-1A	roundabspike/frag/rlb/neg	0.00000	0	0.00000	0	7096	314	0
RSV-A	roundabspike/frag/rlb/neg	0.00000	0	0.00000	0	14855	642	0
SARS-CoV-2	roundabspike/frag/rlb/neg	0.00000	0	0.00000	0	29778	1316	0
HCoV-229E	roundabspike/frag/rlb/neg	0.00000	0	0.00000	0	26841	1163	0
TOTAL	roundabspike/frag/rlb/neg	0.00725	99	0.00000	0	0	13651	0
HRV-1A	roundabspike/frag/neb+rlb/1	0.15287	48	0.00000	0	7096	314	1
HPIV-2	roundabspike/frag/neb+rlb/1	0.15201	102	0.00000	0	15654	671	1
AdV-3	roundabspike/frag/neb+rlb/1	0.06096	94	0.00000	0	35072	1542	1
Flu-A-H3N2	roundabspike/frag/neb+rlb/1	0.04318	25	0.00173	1	13290	579	1
RSV-A	roundabspike/frag/neb+rlb/1	0.04206	27	0.00000	0	14855	642	1
AdV-1	roundabspike/frag/neb+rlb/1	0.04094	63	0.00000	0	35676	1539	1
Flu-A-H1N1-NC	roundabspike/frag/neb+rlb/1	0.02957	17	0.00000	0	13292	575	1
Flu-A-H1N1-NY	roundabspike/frag/neb+rlb/1	0.02448	14	0.00000	0	13130	572	1
HPIV-1	roundabspike/frag/neb+rlb/1	0.02209	15	0.00000	0	15412	679	2
AdV-31	roundabspike/frag/neb+rlb/1	0.02177	32	0.00000	0	33755	1470	1
HPIV-3	roundabspike/frag/neb+rlb/1	0.01639	11	0.00000	0	15382	671	1
HPIV-4	roundabspike/frag/neb+rlb/1	0.01224	9	0.00000	0	17132	735	1
Flu-B	roundabspike/frag/neb+rlb/1	0.00648	4	0.00000	0	14222	617	1
HMPV	roundabspike/frag/neb+rlb/1	0.00000	0	0.00000	0	13149	566	0
SARS-CoV-2	roundabspike/frag/neb+rlb/1	0.00000	0	0.00000	0	29778	1316	0
HCoV-229E	roundabspike/frag/neb+rlb/1	0.00000	0	0.00000	0	26841	1163	0
TOTAL	roundabspike/frag/neb+rlb/1	0.03377	461	0.00007	1	0	13651	1
HPIV-3	roundabspike/frag/neb+rlb/2	0.13413	90	0.00000	0	15382	671	1
HPIV-2	roundabspike/frag/neb+rlb/2	0.07899	53	0.00000	0	15654	671	1
AdV-3	roundabspike/frag/neb+rlb/2	0.07328	113	0.00000	0	35072	1542	1
Flu-A-H3N2	roundabspike/frag/neb+rlb/2	0.06736	39	0.00518	3	13290	579	1
HPIV-1	roundabspike/frag/neb+rlb/2	0.06038	41	0.00000	0	15412	679	1
Flu-A-H1N1-NC	roundabspike/frag/neb+rlb/2	0.04870	28	0.00000	0	13292	575	1
Flu-B	roundabspike/frag/neb+rlb/2	0.04052	25	0.00000	0	14222	617	1
HRV-1A	roundabspike/frag/neb+rlb/2	0.03185	10	0.00000	0	7096	314	1
AdV-31	roundabspike/frag/neb+rlb/2	0.03129	46	0.00000	0	33755	1470	1
AdV-1	roundabspike/frag/neb+rlb/2	0.02664	41	0.00000	0	35676	1539	1
RSV-A	roundabspike/frag/neb+rlb/2	0.02492	16	0.00000	0	14855	642	1
HPIV-4	roundabspike/frag/neb+rlb/2	0.02313	17	0.00000	0	17132	735	1
Flu-A-H1N1-NY	roundabspike/frag/neb+rlb/2	0.00350	2	0.00000	0	13130	572	1
HMPV	roundabspike/frag/neb+rlb/2	0.00000	0	0.00000	0	13149	566	0
SARS-CoV-2	roundabspike/frag/neb+rlb/2	0.00000	0	0.00000	0	29778	1316	0
HCoV-229E	roundabspike/frag/neb+rlb/2	0.00000	0	0.00000	0	26841	1163	0
TOTAL	roundabspike/frag/neb+rlb/2	0.03817	521	0.00022	3	0	13651	1
HPIV-3	roundabspike/frag/neb+rlb/3	0.23100	155	0.00000	0	15382	671	1
HPIV-2	roundabspike/frag/neb+rlb/3	0.20119	135	0.00000	0	15654	671	1
Flu-A-H1N1-NC	roundabspike/frag/neb+rlb/3	0.19652	113	0.00000	0	13292	575	1
Flu-A-H1N1-NY	roundabspike/frag/neb+rlb/3	0.10315	59	0.00000	0	13130	572	1
AdV-3	roundabspike/frag/neb+rlb/3	0.08431	130	0.00000	0	35072	1542	1
RSV-A	roundabspike/frag/neb+rlb/3	0.07477	48	0.00000	0	14855	642	2
AdV-31	roundabspike/frag/neb+rlb/3	0.05102	75	0.00000	0	33755	1470	1
Flu-A-H3N2	roundabspike/frag/neb+rlb/3	0.04663	27	0.00173	1	13290	579	1
AdV-1	roundabspike/frag/neb+rlb/3	0.03769	58	0.00000	0	35676	1539	1
Flu-B	roundabspike/frag/neb+rlb/3	0.03404	21	0.00000	0	14222	617	1
HPIV-1	roundabspike/frag/neb+rlb/3	0.02504	17	0.00000	0	15412	679	2
HRV-1A	roundabspike/frag/neb+rlb/3	0.01592	5	0.00000	0	7096	314	1
HPIV-4	roundabspike/frag/neb+rlb/3	0.00680	5	0.00000	0	17132	735	1
HMPV	roundabspike/frag/neb+rlb/3	0.00000	0	0.00000	0	13149	566	0
SARS-CoV-2	roundabspike/frag/neb+rlb/3	0.00000	0	0.00000	0	29778	1316	0
HCoV-229E	roundabspike/frag/neb+rlb/3	0.00000	0	0.00000	0	26841	1163	0
TOTAL	roundabspike/frag/neb+rlb/3	0.06212	848	0.00007	1	0	13651	1
HPIV-2	roundabspike/frag/neb+rlb/neg	0.14009	94	0.00000	0	15654	671	1
HPIV-3	roundabspike/frag/neb+rlb/neg	0.08644	58	0.00000	0	15382	671	1
HPIV-1	roundabspike/frag/neb+rlb/neg	0.04860	33	0.00000	0	15412	679	1
Flu-B	roundabspike/frag/neb+rlb/neg	0.02107	13	0.00000	0	14222	617	1
HMPV	roundabspike/frag/neb+rlb/neg	0.01943	11	0.00000	0	13149	566	1
AdV-3	roundabspike/frag/neb+rlb/neg	0.01816	28	0.00000	0	35072	1542	1
Flu-A-H3N2	roundabspike/frag/neb+rlb/neg	0.01727	10	0.00345	2	13290	579	1
AdV-31	roundabspike/frag/neb+rlb/neg	0.01429	21	0.00000	0	33755	1470	1
Flu-A-H1N1-NC	roundabspike/frag/neb+rlb/neg	0.01391	8	0.00000	0	13292	575	1
AdV-1	roundabspike/frag/neb+rlb/neg	0.01365	21	0.00000	0	35676	1539	1
HPIV-4	roundabspike/frag/neb+rlb/neg	0.00816	6	0.00000	0	17132	735	1
Flu-A-H1N1-NY	roundabspike/frag/neb+rlb/neg	0.00524	3	0.00000	0	13130	572	1
HRV-1A	roundabspike/frag/neb+rlb/neg	0.00000	0	0.00000	0	7096	314	0
RSV-A	roundabspike/frag/neb+rlb/neg	0.00000	0	0.00000	0	14855	642	0
SARS-CoV-2	roundabspike/frag/neb+rlb/neg	0.00000	0	0.00000	0	29778	1316	0
HCoV-229E	roundabspike/frag/neb+rlb/neg	0.00000	0	0.00000	0	26841	1163	0
TOTAL	roundabspike/frag/neb+rlb/neg	0.02242	306	0.00015	2	0	13651	1
